Type,value,sd,trait,treatment
Pi,0.018043,0.024848,ASI_BLUP,Ag
NnzSnp,6150.569824,8470.90625,ASI_BLUP,Ag
SigmaSq,8e-05,0.000102,ASI_BLUP,Ag
S,-1.358386,0.917591,ASI_BLUP,Ag
ResVar,0.378133,0.096735,ASI_BLUP,Ag
GenVar,0.29913,0.097571,ASI_BLUP,Ag
hsq,0.441115,0.138566,ASI_BLUP,Ag
Pi,0.010392,0.006836,DTA_BLUP,Ag
NnzSnp,3542.361572,2330.255371,DTA_BLUP,Ag
SigmaSq,0.001494,0.001138,DTA_BLUP,Ag
S,-1.484389,0.255615,DTA_BLUP,Ag
ResVar,2.058868,0.601869,DTA_BLUP,Ag
GenVar,17.5483,0.855862,DTA_BLUP,Ag
hsq,0.894948,0.030638,DTA_BLUP,Ag
Pi,0.030848,0.047196,DTS_BLUP,Ag
NnzSnp,10516.875977,16091.279297,DTS_BLUP,Ag
SigmaSq,0.003334,0.003023,DTS_BLUP,Ag
S,-1.090313,1.000717,DTS_BLUP,Ag
ResVar,2.75093,0.825196,DTS_BLUP,Ag
GenVar,25.989647,1.223843,DTS_BLUP,Ag
hsq,0.904238,0.028699,DTS_BLUP,Ag
Pi,0.023229,0.033145,EH_BLUP,Ag
NnzSnp,7918.838379,11300.952148,EH_BLUP,Ag
SigmaSq,0.015237,0.010322,EH_BLUP,Ag
S,-1.438502,0.531141,EH_BLUP,Ag
ResVar,42.057659,12.486249,EH_BLUP,Ag
GenVar,180.933075,14.976441,EH_BLUP,Ag
hsq,0.811286,0.055703,EH_BLUP,Ag
Pi,0.010706,0.007816,EP_BLUP,Ag
NnzSnp,3649.008057,2664.166504,EP_BLUP,Ag
SigmaSq,0.002191,0.002818,EP_BLUP,Ag
S,-1.530269,0.269902,EP_BLUP,Ag
ResVar,4.914153,1.406015,EP_BLUP,Ag
GenVar,23.193821,1.756617,EP_BLUP,Ag
hsq,0.825037,0.049923,EP_BLUP,Ag
Pi,0.094379,0.052771,LAL_BLUP,Ag
NnzSnp,32177.720703,17991.162109,LAL_BLUP,Ag
SigmaSq,0.056728,0.092619,LAL_BLUP,Ag
S,1.162046,0.482327,LAL_BLUP,Ag
ResVar,10.302828,3.162241,LAL_BLUP,Ag
GenVar,100.969543,4.640633,LAL_BLUP,Ag
hsq,0.907349,0.028473,LAL_BLUP,Ag
Pi,0.103376,0.054491,LAU_BLUP,Ag
NnzSnp,35246.0625,18577.898438,LAU_BLUP,Ag
SigmaSq,0.034049,0.041694,LAU_BLUP,Ag
S,0.873606,0.581359,LAU_BLUP,Ag
ResVar,9.632331,3.148557,LAU_BLUP,Ag
GenVar,87.991722,4.399804,LAU_BLUP,Ag
hsq,0.901257,0.032343,LAU_BLUP,Ag
Pi,0.032363,0.033567,LL_BLUP,Ag
NnzSnp,11032.72168,11443.970703,LL_BLUP,Ag
SigmaSq,0.002799,0.002274,LL_BLUP,Ag
S,-1.18624,0.399224,LL_BLUP,Ag
ResVar,8.138907,2.83621,LL_BLUP,Ag
GenVar,33.054054,3.221695,LL_BLUP,Ag
hsq,0.802303,0.068543,LL_BLUP,Ag
Pi,0.082845,0.053255,LW_BLUP,Ag
NnzSnp,28243.794922,18155.246094,LW_BLUP,Ag
SigmaSq,0.000162,0.000143,LW_BLUP,Ag
S,-0.0107,0.622024,LW_BLUP,Ag
ResVar,0.146196,0.055939,LW_BLUP,Ag
GenVar,0.834574,0.066037,LW_BLUP,Ag
hsq,0.850817,0.057074,LW_BLUP,Ag
Pi,0.080932,0.056722,PH_BLUP,Ag
NnzSnp,27591.173828,19338.363281,PH_BLUP,Ag
SigmaSq,0.15822,0.14,PH_BLUP,Ag
S,0.450337,1.021886,PH_BLUP,Ag
ResVar,100.823364,38.539646,PH_BLUP,Ag
GenVar,412.233765,42.976036,PH_BLUP,Ag
hsq,0.803355,0.074843,PH_BLUP,Ag
Pi,0.076367,0.044776,SD_LF2016,Ag
NnzSnp,26035.996094,15267.393555,SD_LF2016,Ag
SigmaSq,0.003997,0.002867,SD_LF2016,Ag
S,-0.076486,0.493029,SD_LF2016,Ag
ResVar,28.440056,8.914503,SD_LF2016,Ag
GenVar,22.148417,8.973365,SD_LF2016,Ag
hsq,0.43719,0.173761,SD_LF2016,Ag
Pi,0.040199,0.053465,TBN_BLUP,Ag
NnzSnp,13704.802734,18229.068359,TBN_BLUP,Ag
SigmaSq,0.008391,0.012742,TBN_BLUP,Ag
S,-0.268275,1.157958,TBN_BLUP,Ag
ResVar,2.190549,0.77929,TBN_BLUP,Ag
GenVar,17.655539,1.027629,TBN_BLUP,Ag
hsq,0.889502,0.039552,TBN_BLUP,Ag
Pi,0.076882,0.045839,TL_BLUP,Ag
NnzSnp,26212.535156,15628.048828,TL_BLUP,Ag
SigmaSq,0.001998,0.001388,TL_BLUP,Ag
S,-0.241231,0.495119,TL_BLUP,Ag
ResVar,2.104728,0.841553,TL_BLUP,Ag
GenVar,13.885826,1.020312,TL_BLUP,Ag
hsq,0.868217,0.052984,TL_BLUP,Ag
Pi,0.01534,0.012561,TLN_HN2016,Ag
NnzSnp,5229.512695,4282.181641,TLN_HN2016,Ag
SigmaSq,0.000143,0.000104,TLN_HN2016,Ag
S,-1.551535,0.323604,TLN_HN2016,Ag
ResVar,0.406581,0.145726,TLN_HN2016,Ag
GenVar,2.174357,0.172475,TLN_HN2016,Ag
hsq,0.842362,0.056396,TLN_HN2016,Ag
Pi,0.050887,0.040744,ULN_BLUP,Ag
NnzSnp,17349.554688,13890.438477,ULN_BLUP,Ag
SigmaSq,0.000116,0.000136,ULN_BLUP,Ag
S,0.321001,0.973483,ULN_BLUP,Ag
ResVar,0.175539,0.057262,ULN_BLUP,Ag
GenVar,0.190178,0.058547,ULN_BLUP,Ag
hsq,0.519401,0.155073,ULN_BLUP,Ag
Pi,0.061921,0.045262,ED_BLUP,Ag
NnzSnp,21112.013672,15432.832031,ED_BLUP,Ag
SigmaSq,0.001893,0.003328,ED_BLUP,Ag
S,-0.357105,0.461658,ED_BLUP,Ag
ResVar,1.955411,0.707889,ED_BLUP,Ag
GenVar,9.309741,0.827097,ED_BLUP,Ag
hsq,0.826252,0.06291,ED_BLUP,Ag
Pi,0.06752,0.055577,EL_BLUP,Ag
NnzSnp,23021.060547,18949.34375,EL_BLUP,Ag
SigmaSq,0.000817,0.000748,EL_BLUP,Ag
S,-0.296026,0.503638,EL_BLUP,Ag
ResVar,0.817812,0.31238,EL_BLUP,Ag
GenVar,4.493539,0.36854,EL_BLUP,Ag
hsq,0.845868,0.058993,EL_BLUP,Ag
Pi,0.081162,0.043118,EW_BLUP,Ag
NnzSnp,27671.056641,14700.141602,EW_BLUP,Ag
SigmaSq,0.050036,0.041994,EW_BLUP,Ag
S,0.186331,0.668805,EW_BLUP,Ag
ResVar,115.362228,33.590816,EW_BLUP,Ag
GenVar,228.759247,36.894905,EW_BLUP,Ag
hsq,0.664221,0.097699,EW_BLUP,Ag
Pi,0.077386,0.036047,KRN_BLUP,Ag
NnzSnp,26381.671875,12288.831055,KRN_BLUP,Ag
SigmaSq,0.000397,0.000321,KRN_BLUP,Ag
S,0.067514,0.486585,KRN_BLUP,Ag
ResVar,0.575055,0.227067,KRN_BLUP,Ag
GenVar,1.777975,0.246994,KRN_BLUP,Ag
hsq,0.755304,0.096467,KRN_BLUP,Ag
Pi,0.002699,0.002704,asv_000001,HN
NnzSnp,2020.992798,2025.734985,asv_000001,HN
SigmaSq,6e-06,1.1e-05,asv_000001,HN
S,-1.209712,0.592319,asv_000001,HN
ResVar,0.005663,0.00329,asv_000001,HN
GenVar,0.009785,0.003376,asv_000001,HN
hsq,0.632469,0.211866,asv_000001,HN
Pi,0.001888,0.001883,asv_000009,HN
NnzSnp,1413.575317,1410.058228,asv_000009,HN
SigmaSq,2e-06,2e-06,asv_000009,HN
S,0.071325,0.850684,asv_000009,HN
ResVar,0.012518,0.0017,asv_000009,HN
GenVar,0.000676,0.001185,asv_000009,HN
hsq,0.05125,0.089204,asv_000009,HN
Pi,0.004646,0.003705,asv_000013,HN
NnzSnp,3479.587891,2774.701172,asv_000013,HN
SigmaSq,9e-06,1.8e-05,asv_000013,HN
S,-0.146962,0.670434,asv_000013,HN
ResVar,0.007151,0.002797,asv_000013,HN
GenVar,0.003536,0.00274,asv_000013,HN
hsq,0.330454,0.252768,asv_000013,HN
Pi,0.002172,0.002157,asv_000031,HN
NnzSnp,1626.231812,1615.836182,asv_000031,HN
SigmaSq,6e-06,7e-06,asv_000031,HN
S,-0.047321,0.976497,asv_000031,HN
ResVar,0.019132,0.004955,asv_000031,HN
GenVar,0.003183,0.0046,asv_000031,HN
hsq,0.142525,0.204748,asv_000031,HN
Pi,0.001938,0.001924,asv_000041,HN
NnzSnp,1451.091187,1440.885742,asv_000041,HN
SigmaSq,1e-06,1e-06,asv_000041,HN
S,-0.098359,0.838905,asv_000041,HN
ResVar,0.003084,0.000538,asv_000041,HN
GenVar,0.000277,0.000448,asv_000041,HN
hsq,0.082301,0.131821,asv_000041,HN
Pi,0.002349,0.002033,asv_000059,HN
NnzSnp,1758.883179,1523.18689,asv_000059,HN
SigmaSq,2e-06,5e-06,asv_000059,HN
S,0.156341,0.799089,asv_000059,HN
ResVar,0.006637,0.000979,asv_000059,HN
GenVar,0.000559,0.000741,asv_000059,HN
hsq,0.077636,0.10147,asv_000059,HN
Pi,0.003431,0.002782,asv_000077,HN
NnzSnp,2569.684082,2083.607666,asv_000077,HN
SigmaSq,1.1e-05,1.4e-05,asv_000077,HN
S,-0.471174,0.853992,asv_000077,HN
ResVar,0.031705,0.012236,asv_000077,HN
GenVar,0.013934,0.011994,asv_000077,HN
hsq,0.304663,0.258993,asv_000077,HN
Pi,0.002308,0.002225,asv_000095,HN
NnzSnp,1728.4104,1666.682373,asv_000095,HN
SigmaSq,4e-06,6e-06,asv_000095,HN
S,-0.263872,0.897722,asv_000095,HN
ResVar,0.032869,0.006906,asv_000095,HN
GenVar,0.003946,0.006117,asv_000095,HN
hsq,0.107155,0.164871,asv_000095,HN
Pi,0.001893,0.001933,asv_000112,HN
NnzSnp,1417.187622,1447.986084,asv_000112,HN
SigmaSq,1e-06,2e-06,asv_000112,HN
S,0.012317,0.838212,asv_000112,HN
ResVar,0.004738,0.000661,asv_000112,HN
GenVar,0.000253,0.000467,asv_000112,HN
hsq,0.05065,0.092882,asv_000112,HN
Pi,0.0032,0.002425,asv_000155,HN
NnzSnp,2395.967041,1815.703247,asv_000155,HN
SigmaSq,1e-06,1e-06,asv_000155,HN
S,-0.79528,0.697914,asv_000155,HN
ResVar,0.001364,0.000716,asv_000155,HN
GenVar,0.001047,0.000715,asv_000155,HN
hsq,0.433277,0.292297,asv_000155,HN
Pi,0.002065,0.001967,asv_000160,HN
NnzSnp,1545.953003,1473.468506,asv_000160,HN
SigmaSq,1e-06,1e-06,asv_000160,HN
S,0.084943,0.898997,asv_000160,HN
ResVar,0.00428,0.000689,asv_000160,HN
GenVar,0.000311,0.00055,asv_000160,HN
hsq,0.067703,0.118299,asv_000160,HN
Pi,0.001922,0.001906,asv_000162,HN
NnzSnp,1438.745483,1427.581665,asv_000162,HN
SigmaSq,3e-06,4e-06,asv_000162,HN
S,0.210832,0.882142,asv_000162,HN
ResVar,0.013882,0.001816,asv_000162,HN
GenVar,0.000689,0.001201,asv_000162,HN
hsq,0.047303,0.081628,asv_000162,HN
Pi,0.003632,0.003086,asv_000183,HN
NnzSnp,2720.091064,2311.280273,asv_000183,HN
SigmaSq,1.4e-05,3.7e-05,asv_000183,HN
S,-0.091891,0.705239,asv_000183,HN
ResVar,0.025255,0.006161,asv_000183,HN
GenVar,0.005536,0.005671,asv_000183,HN
hsq,0.17978,0.181806,asv_000183,HN
Pi,0.001987,0.001878,asv_000189,HN
NnzSnp,1487.847656,1406.099365,asv_000189,HN
SigmaSq,2e-06,3e-06,asv_000189,HN
S,-0.010827,0.826661,asv_000189,HN
ResVar,0.007842,0.001297,asv_000189,HN
GenVar,0.000617,0.00103,asv_000189,HN
hsq,0.073036,0.121124,asv_000189,HN
Pi,0.002971,0.002551,asv_000191,HN
NnzSnp,2224.325928,1910.875732,asv_000191,HN
SigmaSq,8e-06,1.2e-05,asv_000191,HN
S,-0.067574,0.729036,asv_000191,HN
ResVar,0.021991,0.00414,asv_000191,HN
GenVar,0.003247,0.003606,asv_000191,HN
hsq,0.128392,0.140514,asv_000191,HN
Pi,0.002653,0.002382,asv_000196,HN
NnzSnp,1987.141968,1783.902222,asv_000196,HN
SigmaSq,1e-06,3e-06,asv_000196,HN
S,-0.011812,0.741882,asv_000196,HN
ResVar,0.003491,0.000654,asv_000196,HN
GenVar,0.000458,0.000557,asv_000196,HN
hsq,0.116036,0.139797,asv_000196,HN
Pi,0.002591,0.002394,asv_000217,HN
NnzSnp,1940.316772,1793.307373,asv_000217,HN
SigmaSq,1e-06,1e-06,asv_000217,HN
S,-0.295103,0.814283,asv_000217,HN
ResVar,0.005119,0.001181,asv_000217,HN
GenVar,0.000731,0.00107,asv_000217,HN
hsq,0.125025,0.181459,asv_000217,HN
Pi,0.00261,0.002685,asv_000237,HN
NnzSnp,1954.060791,2010.822266,asv_000237,HN
SigmaSq,6e-06,1e-05,asv_000237,HN
S,-0.069901,0.802249,asv_000237,HN
ResVar,0.022733,0.004725,asv_000237,HN
GenVar,0.002879,0.004171,asv_000237,HN
hsq,0.11242,0.161651,asv_000237,HN
Pi,0.001784,0.002203,asv_000246,HN
NnzSnp,1335.362305,1649.852295,asv_000246,HN
SigmaSq,5e-06,1e-05,asv_000246,HN
S,0.309541,0.814621,asv_000246,HN
ResVar,0.032955,0.00351,asv_000246,HN
GenVar,0.000728,0.001269,asv_000246,HN
hsq,0.021592,0.03712,asv_000246,HN
Pi,0.002731,0.002314,asv_000251,HN
NnzSnp,2045.552246,1733.345215,asv_000251,HN
SigmaSq,3e-06,7e-06,asv_000251,HN
S,-0.228711,0.748483,asv_000251,HN
ResVar,0.015172,0.003208,asv_000251,HN
GenVar,0.002146,0.00283,asv_000251,HN
hsq,0.124062,0.161951,asv_000251,HN
Pi,0.002404,0.00224,asv_000260,HN
NnzSnp,1799.780762,1677.609985,asv_000260,HN
SigmaSq,7e-06,1.1e-05,asv_000260,HN
S,-0.204336,0.77092,asv_000260,HN
ResVar,0.027205,0.005261,asv_000260,HN
GenVar,0.003552,0.004552,asv_000260,HN
hsq,0.115437,0.146434,asv_000260,HN
Pi,0.002349,0.002154,asv_000272,HN
NnzSnp,1758.901245,1613.485229,asv_000272,HN
SigmaSq,6e-06,1.1e-05,asv_000272,HN
S,-0.260317,0.836903,asv_000272,HN
ResVar,0.027079,0.006468,asv_000272,HN
GenVar,0.004314,0.005952,asv_000272,HN
hsq,0.137182,0.187529,asv_000272,HN
Pi,0.002115,0.002085,asv_000281,HN
NnzSnp,1583.781006,1561.714966,asv_000281,HN
SigmaSq,4e-06,1e-05,asv_000281,HN
S,-0.020889,0.838633,asv_000281,HN
ResVar,0.013457,0.002636,asv_000281,HN
GenVar,0.001453,0.002286,asv_000281,HN
hsq,0.097417,0.151979,asv_000281,HN
Pi,0.002264,0.002175,asv_000294,HN
NnzSnp,1694.806763,1629.403442,asv_000294,HN
SigmaSq,3e-06,1e-05,asv_000294,HN
S,-0.016836,0.812415,asv_000294,HN
ResVar,0.019547,0.002898,asv_000294,HN
GenVar,0.001148,0.002167,asv_000294,HN
hsq,0.055446,0.103677,asv_000294,HN
Pi,0.003139,0.002952,asv_000311,HN
NnzSnp,2350.594482,2210.891357,asv_000311,HN
SigmaSq,1e-06,1e-06,asv_000311,HN
S,0.222523,0.780803,asv_000311,HN
ResVar,0.001051,0.000189,asv_000311,HN
GenVar,0.00013,0.000159,asv_000311,HN
hsq,0.110109,0.133156,asv_000311,HN
Pi,0.002961,0.002782,asv_000322,HN
NnzSnp,2217.287598,2083.185547,asv_000322,HN
SigmaSq,6e-06,1.1e-05,asv_000322,HN
S,0.043061,0.820333,asv_000322,HN
ResVar,0.023236,0.004317,asv_000322,HN
GenVar,0.002657,0.003676,asv_000322,HN
hsq,0.10258,0.140526,asv_000322,HN
Pi,0.004622,0.003381,asv_000330,HN
NnzSnp,3461.594727,2532.076416,asv_000330,HN
SigmaSq,1.8e-05,3.1e-05,asv_000330,HN
S,-0.327691,0.610627,asv_000330,HN
ResVar,0.007574,0.003665,asv_000330,HN
GenVar,0.008727,0.003764,asv_000330,HN
hsq,0.533768,0.223859,asv_000330,HN
Pi,0.002315,0.00211,asv_000369,HN
NnzSnp,1733.733154,1579.990601,asv_000369,HN
SigmaSq,1.1e-05,2.8e-05,asv_000369,HN
S,0.114867,0.818016,asv_000369,HN
ResVar,0.053627,0.007932,asv_000369,HN
GenVar,0.003601,0.005939,asv_000369,HN
hsq,0.062887,0.102921,asv_000369,HN
Pi,0.002556,0.002182,asv_000370,HN
NnzSnp,1914.307983,1634.081177,asv_000370,HN
SigmaSq,4e-06,5e-06,asv_000370,HN
S,-0.011861,0.882874,asv_000370,HN
ResVar,0.013735,0.002966,asv_000370,HN
GenVar,0.001969,0.002647,asv_000370,HN
hsq,0.125319,0.166916,asv_000370,HN
Pi,0.002969,0.002316,asv_000396,HN
NnzSnp,2223.355469,1734.355103,asv_000396,HN
SigmaSq,3e-06,8e-06,asv_000396,HN
S,-0.587134,0.883182,asv_000396,HN
ResVar,0.006687,0.003203,asv_000396,HN
GenVar,0.003562,0.003158,asv_000396,HN
hsq,0.347015,0.305181,asv_000396,HN
Pi,0.002325,0.002375,asv_000431,HN
NnzSnp,1740.557007,1779.152832,asv_000431,HN
SigmaSq,2e-06,2e-06,asv_000431,HN
S,0.005193,0.84905,asv_000431,HN
ResVar,0.008484,0.001344,asv_000431,HN
GenVar,0.000652,0.00106,asv_000431,HN
hsq,0.07137,0.114954,asv_000431,HN
Pi,0.001968,0.002096,asv_000470,HN
NnzSnp,1473.190308,1569.545166,asv_000470,HN
SigmaSq,1e-06,1e-06,asv_000470,HN
S,0.159636,0.86604,asv_000470,HN
ResVar,0.006174,0.000754,asv_000470,HN
GenVar,0.000251,0.000443,asv_000470,HN
hsq,0.039045,0.068391,asv_000470,HN
Pi,0.002427,0.002277,asv_000473,HN
NnzSnp,1817.230957,1705.265381,asv_000473,HN
SigmaSq,0,0,asv_000473,HN
S,0.005001,0.917943,asv_000473,HN
ResVar,0.001816,0.000334,asv_000473,HN
GenVar,0.000171,0.000284,asv_000473,HN
hsq,0.08602,0.141637,asv_000473,HN
Pi,0.002544,0.002348,asv_000483,HN
NnzSnp,1904.86084,1758.7229,asv_000483,HN
SigmaSq,1e-06,1e-06,asv_000483,HN
S,0.071785,0.854939,asv_000483,HN
ResVar,0.004905,0.000711,asv_000483,HN
GenVar,0.000364,0.00053,asv_000483,HN
hsq,0.069036,0.099607,asv_000483,HN
Pi,0.001847,0.00179,asv_000487,HN
NnzSnp,1382.96936,1340.822144,asv_000487,HN
SigmaSq,1e-06,1e-06,asv_000487,HN
S,0.235313,0.85179,asv_000487,HN
ResVar,0.008624,0.001008,asv_000487,HN
GenVar,0.000259,0.00054,asv_000487,HN
hsq,0.029224,0.060517,asv_000487,HN
Pi,0.002205,0.002325,asv_000498,HN
NnzSnp,1650.662354,1741.279541,asv_000498,HN
SigmaSq,1e-05,1.3e-05,asv_000498,HN
S,0.230742,0.942179,asv_000498,HN
ResVar,0.033348,0.005863,asv_000498,HN
GenVar,0.002825,0.004835,asv_000498,HN
hsq,0.07822,0.132897,asv_000498,HN
Pi,0.001944,0.001913,asv_000511,HN
NnzSnp,1455.300659,1433.075928,asv_000511,HN
SigmaSq,2e-06,2e-06,asv_000511,HN
S,0.144465,0.916382,asv_000511,HN
ResVar,0.014121,0.001844,asv_000511,HN
GenVar,0.000648,0.001216,asv_000511,HN
hsq,0.04389,0.081733,asv_000511,HN
Pi,0.003857,0.002959,asv_000529,HN
NnzSnp,2888.310791,2216.108154,asv_000529,HN
SigmaSq,9.9e-05,0.000191,asv_000529,HN
S,-0.236541,0.708817,asv_000529,HN
ResVar,0.090113,0.036744,asv_000529,HN
GenVar,0.047806,0.036298,asv_000529,HN
hsq,0.345812,0.258593,asv_000529,HN
Pi,0.004316,0.002951,asv_000544,HN
NnzSnp,3232.57959,2210.280518,asv_000544,HN
SigmaSq,1.3e-05,2.5e-05,asv_000544,HN
S,0.000878,0.632685,asv_000544,HN
ResVar,0.012982,0.003707,asv_000544,HN
GenVar,0.004729,0.003607,asv_000544,HN
hsq,0.265981,0.198848,asv_000544,HN
Pi,0.003212,0.002821,asv_000549,HN
NnzSnp,2405.318848,2113.275146,asv_000549,HN
SigmaSq,2e-06,3e-06,asv_000549,HN
S,-0.282389,0.909356,asv_000549,HN
ResVar,0.00424,0.001627,asv_000549,HN
GenVar,0.001453,0.001582,asv_000549,HN
hsq,0.254955,0.275055,asv_000549,HN
Pi,0.001956,0.002026,asv_000551,HN
NnzSnp,1464.289795,1517.597412,asv_000551,HN
SigmaSq,0,0,asv_000551,HN
S,0.17102,0.959517,asv_000551,HN
ResVar,0.001854,0.000253,asv_000551,HN
GenVar,9.6e-05,0.000175,asv_000551,HN
hsq,0.049318,0.088955,asv_000551,HN
Pi,0.004095,0.003057,asv_000559,HN
NnzSnp,3067.050781,2289.84668,asv_000559,HN
SigmaSq,1.2e-05,2.2e-05,asv_000559,HN
S,-0.730451,0.519441,asv_000559,HN
ResVar,0.00725,0.004592,asv_000559,HN
GenVar,0.011578,0.004694,asv_000559,HN
hsq,0.613648,0.242676,asv_000559,HN
Pi,0.004815,0.002921,asv_000570,HN
NnzSnp,3606.691162,2187.198486,asv_000570,HN
SigmaSq,0,1e-06,asv_000570,HN
S,-0.215405,0.53451,asv_000570,HN
ResVar,0.000303,9.2e-05,asv_000570,HN
GenVar,0.000199,9.3e-05,asv_000570,HN
hsq,0.395401,0.178377,asv_000570,HN
Pi,0.002501,0.002495,asv_000575,HN
NnzSnp,1872.940796,1869.433228,asv_000575,HN
SigmaSq,0,1e-06,asv_000575,HN
S,-0.068021,0.853328,asv_000575,HN
ResVar,0.001904,0.000365,asv_000575,HN
GenVar,0.000233,0.000313,asv_000575,HN
hsq,0.108901,0.14516,asv_000575,HN
Pi,0.002886,0.002782,asv_000596,HN
NnzSnp,2161.47168,2083.908447,asv_000596,HN
SigmaSq,1e-06,2e-06,asv_000596,HN
S,0.04203,0.779457,asv_000596,HN
ResVar,0.006651,0.001067,asv_000596,HN
GenVar,0.000595,0.000833,asv_000596,HN
hsq,0.082243,0.114152,asv_000596,HN
Pi,0.002083,0.002266,asv_000629,HN
NnzSnp,1559.292847,1696.619385,asv_000629,HN
SigmaSq,9e-06,1.1e-05,asv_000629,HN
S,0.163608,0.877011,asv_000629,HN
ResVar,0.054041,0.006623,asv_000629,HN
GenVar,0.002325,0.003957,asv_000629,HN
hsq,0.04123,0.069678,asv_000629,HN
Pi,0.002872,0.002712,asv_000641,HN
NnzSnp,2150.99585,2031.759888,asv_000641,HN
SigmaSq,1e-06,1e-06,asv_000641,HN
S,-0.128264,0.864961,asv_000641,HN
ResVar,0.002316,0.000539,asv_000641,HN
GenVar,0.000363,0.000488,asv_000641,HN
hsq,0.135516,0.180886,asv_000641,HN
Pi,0.002556,0.002313,asv_000672,HN
NnzSnp,1913.882812,1732.283569,asv_000672,HN
SigmaSq,4e-06,7e-06,asv_000672,HN
S,0.137508,1.041143,asv_000672,HN
ResVar,0.016255,0.003446,asv_000672,HN
GenVar,0.001948,0.003051,asv_000672,HN
hsq,0.107038,0.166109,asv_000672,HN
Pi,0.001864,0.001949,asv_000674,HN
NnzSnp,1395.018311,1459.527466,asv_000674,HN
SigmaSq,0,1e-06,asv_000674,HN
S,0.212541,0.797358,asv_000674,HN
ResVar,0.001494,0.000166,asv_000674,HN
GenVar,4.8e-05,7.8e-05,asv_000674,HN
hsq,0.031036,0.050023,asv_000674,HN
Pi,0.002832,0.002416,asv_000719,HN
NnzSnp,2120.951172,1810.148682,asv_000719,HN
SigmaSq,0,0,asv_000719,HN
S,-0.135578,0.904727,asv_000719,HN
ResVar,0.000435,0.000119,asv_000719,HN
GenVar,8.2e-05,0.000112,asv_000719,HN
hsq,0.158287,0.214258,asv_000719,HN
Pi,0.002607,0.002442,asv_000791,HN
NnzSnp,1952.221436,1828.960938,asv_000791,HN
SigmaSq,0,0,asv_000791,HN
S,-0.180149,0.839881,asv_000791,HN
ResVar,7.4e-05,2.2e-05,asv_000791,HN
GenVar,2e-05,2.1e-05,asv_000791,HN
hsq,0.211776,0.219992,asv_000791,HN
Pi,0.00316,0.002719,asv_000860,HN
NnzSnp,2366.693604,2036.026978,asv_000860,HN
SigmaSq,0,1e-06,asv_000860,HN
S,-0.67183,0.842921,asv_000860,HN
ResVar,0.000582,0.000289,asv_000860,HN
GenVar,0.000348,0.000288,asv_000860,HN
hsq,0.373087,0.305003,asv_000860,HN
Pi,0.003306,0.002684,asv_000862,HN
NnzSnp,2475.625977,2010.343994,asv_000862,HN
SigmaSq,1.2e-05,2e-05,asv_000862,HN
S,-0.161111,0.749877,asv_000862,HN
ResVar,0.013315,0.004508,asv_000862,HN
GenVar,0.005096,0.004382,asv_000862,HN
hsq,0.276173,0.234393,asv_000862,HN
Pi,0.003079,0.002966,asv_000896,HN
NnzSnp,2305.947998,2221.339355,asv_000896,HN
SigmaSq,0,1e-06,asv_000896,HN
S,-0.08631,0.791006,asv_000896,HN
ResVar,0.00152,0.000321,asv_000896,HN
GenVar,0.00022,0.000286,asv_000896,HN
hsq,0.126474,0.162197,asv_000896,HN
Pi,0.001885,0.001863,asv_000906,HN
NnzSnp,1410.976318,1395.412964,asv_000906,HN
SigmaSq,1e-06,3e-06,asv_000906,HN
S,-0.036064,0.86192,asv_000906,HN
ResVar,0.005886,0.000988,asv_000906,HN
GenVar,0.00052,0.000815,asv_000906,HN
hsq,0.080982,0.125547,asv_000906,HN
Pi,0.003704,0.002884,asv_000920,HN
NnzSnp,2773.815918,2159.556641,asv_000920,HN
SigmaSq,2e-06,3e-06,asv_000920,HN
S,-0.3478,0.703166,asv_000920,HN
ResVar,0.002625,0.001069,asv_000920,HN
GenVar,0.001233,0.00105,asv_000920,HN
hsq,0.318983,0.268493,asv_000920,HN
Pi,0.0021,0.002109,asv_000986,HN
NnzSnp,1572.14624,1579.030151,asv_000986,HN
SigmaSq,2e-06,3e-06,asv_000986,HN
S,0.197033,0.878263,asv_000986,HN
ResVar,0.008583,0.001202,asv_000986,HN
GenVar,0.00049,0.000859,asv_000986,HN
hsq,0.054006,0.093745,asv_000986,HN
Pi,0.002389,0.002288,asv_001001,HN
NnzSnp,1788.559814,1714.003174,asv_001001,HN
SigmaSq,2e-06,3e-06,asv_001001,HN
S,-0.008714,0.875142,asv_001001,HN
ResVar,0.013749,0.002217,asv_001001,HN
GenVar,0.000976,0.001757,asv_001001,HN
hsq,0.066313,0.118432,asv_001001,HN
Pi,0.002336,0.002459,asv_001011,HN
NnzSnp,1748.936401,1842.2948,asv_001011,HN
SigmaSq,0,0,asv_001011,HN
S,0.100408,0.838192,asv_001011,HN
ResVar,0.000134,2.2e-05,asv_001011,HN
GenVar,1.1e-05,1.7e-05,asv_001011,HN
hsq,0.074466,0.117128,asv_001011,HN
Pi,0.00217,0.00222,asv_001026,HN
NnzSnp,1625.000854,1662.701904,asv_001026,HN
SigmaSq,0,0,asv_001026,HN
S,0.06445,0.888545,asv_001026,HN
ResVar,0.001167,0.000178,asv_001026,HN
GenVar,7.4e-05,0.000136,asv_001026,HN
hsq,0.059806,0.108783,asv_001026,HN
Pi,0.001678,0.002005,asv_001052,HN
NnzSnp,1256.476807,1501.698364,asv_001052,HN
SigmaSq,1e-06,1e-06,asv_001052,HN
S,-0.821275,1.220703,asv_001052,HN
ResVar,0.002374,0.00112,asv_001052,HN
GenVar,0.001159,0.001106,asv_001052,HN
hsq,0.327309,0.309865,asv_001052,HN
Pi,0.002144,0.002117,asv_001057,HN
NnzSnp,1605.477417,1585.212891,asv_001057,HN
SigmaSq,0,1e-06,asv_001057,HN
S,0.065221,0.780506,asv_001057,HN
ResVar,0.002879,0.000368,asv_001057,HN
GenVar,0.000143,0.000231,asv_001057,HN
hsq,0.047443,0.075983,asv_001057,HN
Pi,0.0019,0.001981,asv_001140,HN
NnzSnp,1422.049438,1484.102417,asv_001140,HN
SigmaSq,0,0,asv_001140,HN
S,0.025766,0.896341,asv_001140,HN
ResVar,1e-05,2e-06,asv_001140,HN
GenVar,1e-06,1e-06,asv_001140,HN
hsq,0.056134,0.116646,asv_001140,HN
Pi,0.000476,0.001724,asv_001141,HN
NnzSnp,355.824463,1291.927612,asv_001141,HN
SigmaSq,0,0,asv_001141,HN
S,-2.432624,0.886373,asv_001141,HN
ResVar,1.6e-05,3.3e-05,asv_001141,HN
GenVar,0.000105,3.3e-05,asv_001141,HN
hsq,0.86996,0.273265,asv_001141,HN
Pi,0.003299,0.002786,asv_001167,HN
NnzSnp,2470.94043,2087.137695,asv_001167,HN
SigmaSq,0,0,asv_001167,HN
S,-0.524259,0.772035,asv_001167,HN
ResVar,0.000806,0.000333,asv_001167,HN
GenVar,0.000363,0.000325,asv_001167,HN
hsq,0.310313,0.274849,asv_001167,HN
Pi,0.002485,0.00227,asv_001169,HN
NnzSnp,1860.99939,1700.48645,asv_001169,HN
SigmaSq,4e-06,5e-06,asv_001169,HN
S,-0.371841,0.902589,asv_001169,HN
ResVar,0.01956,0.006016,asv_001169,HN
GenVar,0.004658,0.005741,asv_001169,HN
hsq,0.191995,0.234644,asv_001169,HN
Pi,0.002289,0.002132,asv_001207,HN
NnzSnp,1714.02124,1596.783203,asv_001207,HN
SigmaSq,0,0,asv_001207,HN
S,-0.098568,0.851914,asv_001207,HN
ResVar,0.000234,5.3e-05,asv_001207,HN
GenVar,3.4e-05,4.8e-05,asv_001207,HN
hsq,0.127723,0.176903,asv_001207,HN
Pi,0.002125,0.002123,asv_001232,HN
NnzSnp,1591.465454,1590.085327,asv_001232,HN
SigmaSq,1e-06,1e-06,asv_001232,HN
S,-0.054402,0.884457,asv_001232,HN
ResVar,0.004793,0.000816,asv_001232,HN
GenVar,0.000413,0.000664,asv_001232,HN
hsq,0.079336,0.126722,asv_001232,HN
Pi,0.003196,0.00275,asv_001244,HN
NnzSnp,2393.82959,2059.203857,asv_001244,HN
SigmaSq,2e-06,3e-06,asv_001244,HN
S,-0.53903,0.825082,asv_001244,HN
ResVar,0.008175,0.003007,asv_001244,HN
GenVar,0.002924,0.002924,asv_001244,HN
hsq,0.262997,0.260693,asv_001244,HN
Pi,0.00306,0.002544,asv_001255,HN
NnzSnp,2291.861572,1905.774536,asv_001255,HN
SigmaSq,1e-06,1e-06,asv_001255,HN
S,-0.474852,0.801145,asv_001255,HN
ResVar,0.001471,0.000443,asv_001255,HN
GenVar,0.000493,0.000429,asv_001255,HN
hsq,0.250158,0.214645,asv_001255,HN
Pi,0.003046,0.002622,asv_001276,HN
NnzSnp,2281.392822,1963.651123,asv_001276,HN
SigmaSq,7e-06,1.1e-05,asv_001276,HN
S,-0.255961,0.855041,asv_001276,HN
ResVar,0.019699,0.005879,asv_001276,HN
GenVar,0.005152,0.005603,asv_001276,HN
hsq,0.207027,0.222672,asv_001276,HN
Pi,0.002192,0.002014,asv_001292,HN
NnzSnp,1641.310791,1508.608521,asv_001292,HN
SigmaSq,2e-06,2e-06,asv_001292,HN
S,0.201053,0.831444,asv_001292,HN
ResVar,0.007405,0.000966,asv_001292,HN
GenVar,0.000386,0.000632,asv_001292,HN
hsq,0.049571,0.080501,asv_001292,HN
Pi,0.001093,0.001423,asv_001294,HN
NnzSnp,817.77179,1065.85791,asv_001294,HN
SigmaSq,0,0,asv_001294,HN
S,0.754537,0.797843,asv_001294,HN
ResVar,0,0,asv_001294,HN
GenVar,0,0,asv_001294,HN
hsq,0.00534,0.006063,asv_001294,HN
Pi,0.00257,0.002689,asv_001303,HN
NnzSnp,1924.097046,2014.099976,asv_001303,HN
SigmaSq,0,0,asv_001303,HN
S,0.115913,0.871569,asv_001303,HN
ResVar,0.000953,0.000142,asv_001303,HN
GenVar,6.1e-05,0.000105,asv_001303,HN
hsq,0.060659,0.103488,asv_001303,HN
Pi,0.002129,0.002134,asv_001312,HN
NnzSnp,1594.36084,1598.071289,asv_001312,HN
SigmaSq,0,0,asv_001312,HN
S,0.041028,0.854401,asv_001312,HN
ResVar,2e-06,0,asv_001312,HN
GenVar,0,0,asv_001312,HN
hsq,0.054985,0.102276,asv_001312,HN
Pi,0.00218,0.002251,asv_001319,HN
NnzSnp,1632.347656,1685.852173,asv_001319,HN
SigmaSq,3e-06,4e-06,asv_001319,HN
S,0.092634,0.805258,asv_001319,HN
ResVar,0.013933,0.001991,asv_001319,HN
GenVar,0.000825,0.001427,asv_001319,HN
hsq,0.055998,0.096346,asv_001319,HN
Pi,0.002857,0.002638,asv_001323,HN
NnzSnp,2139.766357,1976.459106,asv_001323,HN
SigmaSq,5e-06,1e-05,asv_001323,HN
S,-0.123152,0.827989,asv_001323,HN
ResVar,0.021642,0.004335,asv_001323,HN
GenVar,0.002776,0.003761,asv_001323,HN
hsq,0.113824,0.152905,asv_001323,HN
Pi,0.002363,0.002245,asv_001347,HN
NnzSnp,1769.300781,1680.917358,asv_001347,HN
SigmaSq,0,1e-06,asv_001347,HN
S,0.215618,0.799143,asv_001347,HN
ResVar,0.002816,0.000356,asv_001347,HN
GenVar,0.000105,0.000222,asv_001347,HN
hsq,0.03598,0.07545,asv_001347,HN
Pi,9.9e-05,0.000359,asv_001416,HN
NnzSnp,72.830025,269.216553,asv_001416,HN
SigmaSq,0,0,asv_001416,HN
S,-2.593276,0.302959,asv_001416,HN
ResVar,3e-06,5e-06,asv_001416,HN
GenVar,5.6e-05,5e-06,asv_001416,HN
hsq,0.956273,0.085393,asv_001416,HN
Pi,0.00196,0.001963,asv_001444,HN
NnzSnp,1468.077637,1470.844116,asv_001444,HN
SigmaSq,0,0,asv_001444,HN
S,-0.050585,0.798992,asv_001444,HN
ResVar,2e-06,0,asv_001444,HN
GenVar,0,0,asv_001444,HN
hsq,0.079381,0.117671,asv_001444,HN
Pi,0.002329,0.00224,asv_001446,HN
NnzSnp,1744.218018,1677.745605,asv_001446,HN
SigmaSq,0,0,asv_001446,HN
S,0.005196,0.77015,asv_001446,HN
ResVar,0.000254,3.9e-05,asv_001446,HN
GenVar,1.9e-05,3e-05,asv_001446,HN
hsq,0.068604,0.110169,asv_001446,HN
Pi,0.001932,0.002293,asv_001448,HN
NnzSnp,1446.394653,1717.885498,asv_001448,HN
SigmaSq,7e-06,1.2e-05,asv_001448,HN
S,-0.150539,1.120135,asv_001448,HN
ResVar,0.037844,0.009101,asv_001448,HN
GenVar,0.004389,0.008325,asv_001448,HN
hsq,0.103797,0.195868,asv_001448,HN
Pi,0.00271,0.002458,asv_001499,HN
NnzSnp,2028.728638,1840.458618,asv_001499,HN
SigmaSq,0,0,asv_001499,HN
S,-0.062103,0.900405,asv_001499,HN
ResVar,0.001701,0.000328,asv_001499,HN
GenVar,0.000183,0.000283,asv_001499,HN
hsq,0.096947,0.149052,asv_001499,HN
Pi,0.001479,0.001788,asv_001507,HN
NnzSnp,1107.128418,1338.960693,asv_001507,HN
SigmaSq,2e-06,2e-06,asv_001507,HN
S,-0.10936,1.237031,asv_001507,HN
ResVar,0.008419,0.00228,asv_001507,HN
GenVar,0.001217,0.00214,asv_001507,HN
hsq,0.125981,0.22015,asv_001507,HN
Pi,0.000432,0.00165,asv_001529,HN
NnzSnp,322.844513,1236.474243,asv_001529,HN
SigmaSq,0,0,asv_001529,HN
S,-2.550125,0.480689,asv_001529,HN
ResVar,7.4e-05,0.000102,asv_001529,HN
GenVar,0.001125,0.000111,asv_001529,HN
hsq,0.938315,0.086814,asv_001529,HN
Pi,0.001908,0.001986,asv_001572,HN
NnzSnp,1428.234375,1487.538208,asv_001572,HN
SigmaSq,0,0,asv_001572,HN
S,0.188277,0.926306,asv_001572,HN
ResVar,0.000757,0.000114,asv_001572,HN
GenVar,4.5e-05,8.7e-05,asv_001572,HN
hsq,0.05569,0.108164,asv_001572,HN
Pi,0.002501,0.00245,asv_001582,HN
NnzSnp,1872.433838,1834.904785,asv_001582,HN
SigmaSq,0,0,asv_001582,HN
S,0.248352,0.959187,asv_001582,HN
ResVar,0.000959,0.000158,asv_001582,HN
GenVar,7.3e-05,0.000128,asv_001582,HN
hsq,0.071048,0.122268,asv_001582,HN
Pi,0.000154,0.000551,asv_001649,HN
NnzSnp,114.1577,413.382355,asv_001649,HN
SigmaSq,2e-06,3e-06,asv_001649,HN
S,-2.560139,0.523056,asv_001649,HN
ResVar,0.001642,0.002427,asv_001649,HN
GenVar,0.012181,0.002458,asv_001649,HN
hsq,0.881247,0.17405,asv_001649,HN
Pi,0.002692,0.002647,asv_001657,HN
NnzSnp,2015.953857,1983.294922,asv_001657,HN
SigmaSq,0,0,asv_001657,HN
S,-0.401985,0.935854,asv_001657,HN
ResVar,3.1e-05,1.1e-05,asv_001657,HN
GenVar,1e-05,1.1e-05,asv_001657,HN
hsq,0.236785,0.264914,asv_001657,HN
Pi,8.5e-05,0.000151,asv_001659,HN
NnzSnp,62.484177,113.076256,asv_001659,HN
SigmaSq,1e-06,1e-06,asv_001659,HN
S,-2.588035,0.363907,asv_001659,HN
ResVar,0.00069,0.000461,asv_001659,HN
GenVar,0.004384,0.000516,asv_001659,HN
hsq,0.863755,0.091366,asv_001659,HN
Pi,0.002788,0.002515,asv_001660,HN
NnzSnp,2087.769043,1883.17688,asv_001660,HN
SigmaSq,2e-06,4e-06,asv_001660,HN
S,-0.154952,0.828093,asv_001660,HN
ResVar,0.005916,0.001505,asv_001660,HN
GenVar,0.000951,0.001396,asv_001660,HN
hsq,0.138403,0.201211,asv_001660,HN
Pi,0.001853,0.001748,asv_001667,HN
NnzSnp,1387.031372,1309.289185,asv_001667,HN
SigmaSq,0,0,asv_001667,HN
S,0.077171,0.816261,asv_001667,HN
ResVar,0.002463,0.000293,asv_001667,HN
GenVar,7.6e-05,0.000169,asv_001667,HN
hsq,0.029673,0.065414,asv_001667,HN
Pi,0.002484,0.002305,asv_001749,HN
NnzSnp,1859.380981,1725.859985,asv_001749,HN
SigmaSq,0,0,asv_001749,HN
S,-0.05135,0.908557,asv_001749,HN
ResVar,0.000518,0.00012,asv_001749,HN
GenVar,6.8e-05,0.000108,asv_001749,HN
hsq,0.115611,0.1835,asv_001749,HN
Pi,0.002349,0.002284,asv_001772,HN
NnzSnp,1758.569214,1710.177002,asv_001772,HN
SigmaSq,1e-06,1e-06,asv_001772,HN
S,-0.175324,0.908763,asv_001772,HN
ResVar,0.004517,0.000841,asv_001772,HN
GenVar,0.000471,0.000708,asv_001772,HN
hsq,0.094673,0.141093,asv_001772,HN
Pi,0.002704,0.002432,asv_001806,HN
NnzSnp,2024.82959,1821.292847,asv_001806,HN
SigmaSq,0,0,asv_001806,HN
S,-0.61351,0.743578,asv_001806,HN
ResVar,8e-06,3e-06,asv_001806,HN
GenVar,3e-06,3e-06,asv_001806,HN
hsq,0.289193,0.272198,asv_001806,HN
Pi,0.001201,0.001858,asv_001834,HN
NnzSnp,898.487305,1392.091919,asv_001834,HN
SigmaSq,6e-06,1e-05,asv_001834,HN
S,-1.040397,1.408302,asv_001834,HN
ResVar,0.014279,0.008709,asv_001834,HN
GenVar,0.009239,0.008604,asv_001834,HN
hsq,0.392647,0.363902,asv_001834,HN
Pi,0.002351,0.002241,asv_001840,HN
NnzSnp,1760.547241,1678.872437,asv_001840,HN
SigmaSq,1e-06,1e-06,asv_001840,HN
S,-0.014989,0.813032,asv_001840,HN
ResVar,0.002665,0.000464,asv_001840,HN
GenVar,0.000228,0.00038,asv_001840,HN
hsq,0.079022,0.130733,asv_001840,HN
Pi,0.002211,0.002058,asv_001875,HN
NnzSnp,1655.924072,1541.675537,asv_001875,HN
SigmaSq,2e-06,3e-06,asv_001875,HN
S,0.252014,0.765845,asv_001875,HN
ResVar,0.009049,0.001082,asv_001875,HN
GenVar,0.000411,0.000611,asv_001875,HN
hsq,0.043459,0.064,asv_001875,HN
Pi,0.000906,0.001552,asv_001888,HN
NnzSnp,678.161621,1162.548706,asv_001888,HN
SigmaSq,1e-06,4e-06,asv_001888,HN
S,-1.193031,1.57216,asv_001888,HN
ResVar,0.001643,0.001252,asv_001888,HN
GenVar,0.001414,0.00124,asv_001888,HN
hsq,0.462661,0.404077,asv_001888,HN
Pi,6.3e-05,1.5e-05,asv_001978,HN
NnzSnp,46.331001,9.08636,asv_001978,HN
SigmaSq,1.4e-05,2.2e-05,asv_001978,HN
S,-2.522615,0.221156,asv_001978,HN
ResVar,0.004443,0.001235,asv_001978,HN
GenVar,0.077373,0.002832,asv_001978,HN
hsq,0.945671,0.01509,asv_001978,HN
Pi,0.001324,0.001809,asv_002136,HN
NnzSnp,990.689087,1355.182739,asv_002136,HN
SigmaSq,0,0,asv_002136,HN
S,-0.909959,1.24238,asv_002136,HN
ResVar,1.5e-05,5e-06,asv_002136,HN
GenVar,5e-06,5e-06,asv_002136,HN
hsq,0.22905,0.254492,asv_002136,HN
Pi,0.000604,0.000918,asv_002138,HN
NnzSnp,451.858185,687.352173,asv_002138,HN
SigmaSq,0,0,asv_002138,HN
S,1.017751,0.847999,asv_002138,HN
ResVar,0,0,asv_002138,HN
GenVar,0,0,asv_002138,HN
hsq,0.00724,0.00735,asv_002138,HN
Pi,0.002373,0.002295,asv_002166,HN
NnzSnp,1776.96875,1719.076538,asv_002166,HN
SigmaSq,0,0,asv_002166,HN
S,-0.376262,1.047588,asv_002166,HN
ResVar,9.1e-05,3.2e-05,asv_002166,HN
GenVar,2.7e-05,3.1e-05,asv_002166,HN
hsq,0.225931,0.257702,asv_002166,HN
Pi,0.002234,0.002192,asv_002172,HN
NnzSnp,1673.051392,1642.226807,asv_002172,HN
SigmaSq,2e-06,2e-06,asv_002172,HN
S,0.088114,0.8967,asv_002172,HN
ResVar,0.014215,0.001878,asv_002172,HN
GenVar,0.000676,0.001258,asv_002172,HN
hsq,0.045466,0.083838,asv_002172,HN
Pi,0.002108,0.002091,asv_002205,HN
NnzSnp,1578.715942,1566.554688,asv_002205,HN
SigmaSq,0,0,asv_002205,HN
S,-0.03841,0.804834,asv_002205,HN
ResVar,0.002382,0.000359,asv_002205,HN
GenVar,0.000144,0.000271,asv_002205,HN
hsq,0.056829,0.106429,asv_002205,HN
Pi,0.000108,0.000331,asv_002309,HN
NnzSnp,80.188972,248.487274,asv_002309,HN
SigmaSq,1.1e-05,1.7e-05,asv_002309,HN
S,-2.460327,0.573782,asv_002309,HN
ResVar,0.00484,0.007087,asv_002309,HN
GenVar,0.038876,0.007204,asv_002309,HN
hsq,0.889313,0.160635,asv_002309,HN
Pi,0.002052,0.002305,asv_002353,HN
NnzSnp,1536.081787,1726.189209,asv_002353,HN
SigmaSq,0,0,asv_002353,HN
S,-0.210421,1.151858,asv_002353,HN
ResVar,0.000601,0.000181,asv_002353,HN
GenVar,0.000117,0.000172,asv_002353,HN
hsq,0.162174,0.238097,asv_002353,HN
Pi,0.002923,0.002439,asv_002354,HN
NnzSnp,2188.408447,1826.312012,asv_002354,HN
SigmaSq,0,0,asv_002354,HN
S,-0.416225,0.807416,asv_002354,HN
ResVar,0.000151,5.9e-05,asv_002354,HN
GenVar,6.6e-05,5.8e-05,asv_002354,HN
hsq,0.303012,0.261255,asv_002354,HN
Pi,0.00397,0.002569,asv_002358,HN
NnzSnp,2973.046387,1923.81311,asv_002358,HN
SigmaSq,4e-06,7e-06,asv_002358,HN
S,-0.867293,0.488451,asv_002358,HN
ResVar,0.002335,0.001336,asv_002358,HN
GenVar,0.004466,0.001383,asv_002358,HN
hsq,0.65566,0.195848,asv_002358,HN
Pi,8e-05,3.4e-05,asv_002692,HN
NnzSnp,59.119148,24.335207,asv_002692,HN
SigmaSq,2e-06,5e-06,asv_002692,HN
S,-2.513856,0.279133,asv_002692,HN
ResVar,0.001367,0.000568,asv_002692,HN
GenVar,0.00672,0.000689,asv_002692,HN
hsq,0.830733,0.07032,asv_002692,HN
Pi,0.002025,0.001934,asv_002742,HN
NnzSnp,1516.524048,1448.13855,asv_002742,HN
SigmaSq,2e-06,2e-06,asv_002742,HN
S,0.15898,0.786371,asv_002742,HN
ResVar,0.022612,0.002382,asv_002742,HN
GenVar,0.000481,0.00084,asv_002742,HN
hsq,0.020821,0.035977,asv_002742,HN
Pi,0.000499,0.00117,asv_002743,HN
NnzSnp,372.846954,876.516907,asv_002743,HN
SigmaSq,0,1e-06,asv_002743,HN
S,-1.871669,1.10997,asv_002743,HN
ResVar,0.000767,4e-04,asv_002743,HN
GenVar,0.000741,0.000401,asv_002743,HN
hsq,0.490444,0.260528,asv_002743,HN
Pi,0.000351,0.001408,asv_002768,HN
NnzSnp,262.409058,1054.800415,asv_002768,HN
SigmaSq,0,0,asv_002768,HN
S,-2.461765,0.709234,asv_002768,HN
ResVar,6.2e-05,0.000116,asv_002768,HN
GenVar,0.000497,0.000117,asv_002768,HN
hsq,0.88809,0.206764,asv_002768,HN
Pi,6.5e-05,1.3e-05,asv_002780,HN
NnzSnp,48.065575,7.012715,asv_002780,HN
SigmaSq,0,0,asv_002780,HN
S,-2.570807,0.216128,asv_002780,HN
ResVar,6e-06,1e-06,asv_002780,HN
GenVar,0.000191,5e-06,asv_002780,HN
hsq,0.970392,0.006186,asv_002780,HN
Pi,0.000363,0.001074,asv_002841,HN
NnzSnp,271.297211,804.664001,asv_002841,HN
SigmaSq,1e-06,2e-06,asv_002841,HN
S,-2.187683,1.144977,asv_002841,HN
ResVar,0.001564,0.002093,asv_002841,HN
GenVar,0.004911,0.002095,asv_002841,HN
hsq,0.758216,0.321228,asv_002841,HN
Pi,0.00291,0.002608,asv_003033,HN
NnzSnp,2178.949219,1953.30481,asv_003033,HN
SigmaSq,0,0,asv_003033,HN
S,-0.504896,0.864928,asv_003033,HN
ResVar,0.000493,0.000199,asv_003033,HN
GenVar,0.000229,0.000195,asv_003033,HN
hsq,0.316105,0.266982,asv_003033,HN
Pi,0.001632,0.001772,asv_003250,HN
NnzSnp,1221.353149,1326.306519,asv_003250,HN
SigmaSq,0,0,asv_003250,HN
S,-0.560598,1.217846,asv_003250,HN
ResVar,3.9e-05,1.6e-05,asv_003250,HN
GenVar,1.5e-05,1.6e-05,asv_003250,HN
hsq,0.269634,0.287258,asv_003250,HN
Pi,0.000374,0.000988,asv_003343,HN
NnzSnp,279.276398,739.935181,asv_003343,HN
SigmaSq,2e-06,3e-06,asv_003343,HN
S,-2.085068,1.033789,asv_003343,HN
ResVar,0.003185,0.002266,asv_003343,HN
GenVar,0.005294,0.002287,asv_003343,HN
hsq,0.623785,0.264618,asv_003343,HN
Pi,0.001391,0.001973,asv_004447,HN
NnzSnp,1040.57959,1477.015259,asv_004447,HN
SigmaSq,0,1e-06,asv_004447,HN
S,-0.626532,1.534682,asv_004447,HN
ResVar,0.001346,0.000613,asv_004447,HN
GenVar,0.000501,0.000598,asv_004447,HN
hsq,0.271274,0.322555,asv_004447,HN
Pi,0.002026,0.002015,asv_004714,HN
NnzSnp,1516.647949,1508.473267,asv_004714,HN
SigmaSq,0,0,asv_004714,HN
S,0.096622,0.784853,asv_004714,HN
ResVar,7e-06,1e-06,asv_004714,HN
GenVar,0,1e-06,asv_004714,HN
hsq,0.054715,0.091721,asv_004714,HN
Pi,0.000102,0.000559,asv_014370,HN
NnzSnp,75.282928,418.890167,asv_014370,HN
SigmaSq,0,0,asv_014370,HN
S,-2.530851,0.344002,asv_014370,HN
ResVar,1.1e-05,2.2e-05,asv_014370,HN
GenVar,0.000204,2.3e-05,asv_014370,HN
hsq,0.948603,0.102346,asv_014370,HN
Pi,0.002086,0.001623,asv_000001,LN
NnzSnp,1561.548218,1215.438354,asv_000001,LN
SigmaSq,3.7e-05,5.5e-05,asv_000001,LN
S,-0.57964,0.608963,asv_000001,LN
ResVar,0.02273,0.010579,asv_000001,LN
GenVar,0.018017,0.010582,asv_000001,LN
hsq,0.441201,0.25476,asv_000001,LN
Pi,0.001573,0.001703,asv_000009,LN
NnzSnp,1177.801636,1275.216309,asv_000009,LN
SigmaSq,2e-06,5e-06,asv_000009,LN
S,-0.034923,0.828699,asv_000009,LN
ResVar,0.007251,0.001233,asv_000009,LN
GenVar,0.000564,0.000998,asv_000009,LN
hsq,0.072177,0.126811,asv_000009,LN
Pi,0.002103,0.001745,asv_000013,LN
NnzSnp,1574.540649,1306.863403,asv_000013,LN
SigmaSq,7e-06,1.4e-05,asv_000013,LN
S,-0.342507,0.865286,asv_000013,LN
ResVar,0.009044,0.003511,asv_000013,LN
GenVar,0.003717,0.003432,asv_000013,LN
hsq,0.290734,0.26562,asv_000013,LN
Pi,0.062548,0.034723,asv_000031,LN
NnzSnp,46860.890625,26014.460938,asv_000031,LN
SigmaSq,0.000333,0.000252,asv_000031,LN
S,-0.175972,0.357555,asv_000031,LN
ResVar,0.403866,0.174639,asv_000031,LN
GenVar,2.307785,0.208277,asv_000031,LN
hsq,0.850832,0.064763,asv_000031,LN
Pi,0.001402,0.001429,asv_000041,LN
NnzSnp,1049.585571,1069.635986,asv_000041,LN
SigmaSq,1e-06,2e-06,asv_000041,LN
S,0.142006,0.939762,asv_000041,LN
ResVar,0.010822,0.001397,asv_000041,LN
GenVar,0.000392,0.000895,asv_000041,LN
hsq,0.034918,0.079079,asv_000041,LN
Pi,0.001767,0.001685,asv_000049,LN
NnzSnp,1322.508179,1261.533203,asv_000049,LN
SigmaSq,3e-06,4e-06,asv_000049,LN
S,0.071566,0.953579,asv_000049,LN
ResVar,0.018326,0.003186,asv_000049,LN
GenVar,0.001394,0.002588,asv_000049,LN
hsq,0.070895,0.130854,asv_000049,LN
Pi,0.001668,0.001516,asv_000059,LN
NnzSnp,1248.76123,1135.157227,asv_000059,LN
SigmaSq,3e-06,4e-06,asv_000059,LN
S,0.156524,0.872125,asv_000059,LN
ResVar,0.010698,0.00161,asv_000059,LN
GenVar,0.000757,0.001203,asv_000059,LN
hsq,0.066144,0.10419,asv_000059,LN
Pi,0.001385,0.001402,asv_000077,LN
NnzSnp,1036.456543,1049.432861,asv_000077,LN
SigmaSq,3e-06,4e-06,asv_000077,LN
S,0.153111,0.896478,asv_000077,LN
ResVar,0.01088,0.001587,asv_000077,LN
GenVar,0.000623,0.001155,asv_000077,LN
hsq,0.054142,0.099591,asv_000077,LN
Pi,0.0016,0.001444,asv_000095,LN
NnzSnp,1197.448975,1081.656494,asv_000095,LN
SigmaSq,1.1e-05,1.5e-05,asv_000095,LN
S,-0.068207,0.925237,asv_000095,LN
ResVar,0.028869,0.006763,asv_000095,LN
GenVar,0.004222,0.006138,asv_000095,LN
hsq,0.127536,0.184009,asv_000095,LN
Pi,0.003052,0.002436,asv_000112,LN
NnzSnp,2285.935791,1824.327881,asv_000112,LN
SigmaSq,1.7e-05,2.8e-05,asv_000112,LN
S,-0.702972,0.618156,asv_000112,LN
ResVar,0.006764,0.00381,asv_000112,LN
GenVar,0.010777,0.003899,asv_000112,LN
hsq,0.613423,0.215155,asv_000112,LN
Pi,0.002263,0.001906,asv_000155,LN
NnzSnp,1694.263428,1427.425049,asv_000155,LN
SigmaSq,3e-06,5e-06,asv_000155,LN
S,-0.676573,0.772819,asv_000155,LN
ResVar,0.002102,0.001153,asv_000155,LN
GenVar,0.001994,0.001155,asv_000155,LN
hsq,0.48594,0.277366,asv_000155,LN
Pi,0.001741,0.001761,asv_000162,LN
NnzSnp,1303.160034,1318.698975,asv_000162,LN
SigmaSq,5e-06,1.5e-05,asv_000162,LN
S,-0.048306,0.929969,asv_000162,LN
ResVar,0.017934,0.003416,asv_000162,LN
GenVar,0.001976,0.002914,asv_000162,LN
hsq,0.099285,0.145238,asv_000162,LN
Pi,0.004151,0.002266,asv_000183,LN
NnzSnp,3108.747314,1696.350586,asv_000183,LN
SigmaSq,0.000224,0.000241,asv_000183,LN
S,0.438704,0.557265,asv_000183,LN
ResVar,0.017904,0.006299,asv_000183,LN
GenVar,0.041783,0.007271,asv_000183,LN
hsq,0.699019,0.106462,asv_000183,LN
Pi,0.001714,0.001647,asv_000189,LN
NnzSnp,1283.295044,1233.439819,asv_000189,LN
SigmaSq,0,0,asv_000189,LN
S,-0.127535,0.979959,asv_000189,LN
ResVar,0.000303,7e-05,asv_000189,LN
GenVar,4.4e-05,6.4e-05,asv_000189,LN
hsq,0.125973,0.183055,asv_000189,LN
Pi,0.002324,0.001744,asv_000191,LN
NnzSnp,1739.703369,1305.875,asv_000191,LN
SigmaSq,1.5e-05,3.5e-05,asv_000191,LN
S,-0.082143,0.649361,asv_000191,LN
ResVar,0.020114,0.00396,asv_000191,LN
GenVar,0.003616,0.003492,asv_000191,LN
hsq,0.152112,0.14456,asv_000191,LN
Pi,0.002052,0.001902,asv_000196,LN
NnzSnp,1535.803345,1424.550415,asv_000196,LN
SigmaSq,2e-06,3e-06,asv_000196,LN
S,-0.066249,0.782324,asv_000196,LN
ResVar,0.007051,0.001401,asv_000196,LN
GenVar,0.000794,0.001222,asv_000196,LN
hsq,0.101169,0.154076,asv_000196,LN
Pi,0.001084,0.001251,asv_000217,LN
NnzSnp,811.41272,937.344971,asv_000217,LN
SigmaSq,6e-06,6.1e-05,asv_000217,LN
S,-0.858558,1.252616,asv_000217,LN
ResVar,0.01225,0.006342,asv_000217,LN
GenVar,0.006106,0.006258,asv_000217,LN
hsq,0.33201,0.338121,asv_000217,LN
Pi,0.003642,0.002337,asv_000237,LN
NnzSnp,2726.539307,1749.272217,asv_000237,LN
SigmaSq,4e-05,5.4e-05,asv_000237,LN
S,-0.218449,0.587329,asv_000237,LN
ResVar,0.013857,0.006496,asv_000237,LN
GenVar,0.014451,0.006648,asv_000237,LN
hsq,0.508846,0.227543,asv_000237,LN
Pi,0.001544,0.001326,asv_000245,LN
NnzSnp,1156.081177,992.956299,asv_000245,LN
SigmaSq,3e-06,4e-06,asv_000245,LN
S,-0.932931,1.013428,asv_000245,LN
ResVar,0.01014,0.006331,asv_000245,LN
GenVar,0.007914,0.006306,asv_000245,LN
hsq,0.437449,0.346041,asv_000245,LN
Pi,0.001361,0.001404,asv_000246,LN
NnzSnp,1018.750183,1051.097046,asv_000246,LN
SigmaSq,0,0,asv_000246,LN
S,0.006657,0.928684,asv_000246,LN
ResVar,0.001667,0.000267,asv_000246,LN
GenVar,0.00012,0.000213,asv_000246,LN
hsq,0.067049,0.117348,asv_000246,LN
Pi,0.001549,0.001792,asv_000251,LN
NnzSnp,1159.140625,1342.172729,asv_000251,LN
SigmaSq,1e-06,2e-06,asv_000251,LN
S,0.067177,0.835496,asv_000251,LN
ResVar,0.003877,0.000587,asv_000251,LN
GenVar,0.000258,0.000442,asv_000251,LN
hsq,0.062274,0.105955,asv_000251,LN
Pi,0.000316,0.000643,asv_000260,LN
NnzSnp,235.414825,481.382935,asv_000260,LN
SigmaSq,9e-06,2e-05,asv_000260,LN
S,-1.919197,0.68597,asv_000260,LN
ResVar,0.010088,0.005211,asv_000260,LN
GenVar,0.014372,0.005344,asv_000260,LN
hsq,0.586525,0.21148,asv_000260,LN
Pi,0.002205,0.001637,asv_000272,LN
NnzSnp,1651.358032,1225.603638,asv_000272,LN
SigmaSq,4.5e-05,6.5e-05,asv_000272,LN
S,-0.864042,0.609718,asv_000272,LN
ResVar,0.070346,0.033498,asv_000272,LN
GenVar,0.051831,0.03352,asv_000272,LN
hsq,0.423015,0.269378,asv_000272,LN
Pi,0.000908,0.001321,asv_000281,LN
NnzSnp,679.346619,989.421692,asv_000281,LN
SigmaSq,5e-06,9e-06,asv_000281,LN
S,-1.631102,0.629609,asv_000281,LN
ResVar,0.003075,0.001832,asv_000281,LN
GenVar,0.006992,0.001916,asv_000281,LN
hsq,0.693582,0.182211,asv_000281,LN
Pi,0.001467,0.001531,asv_000294,LN
NnzSnp,1097.864868,1145.878418,asv_000294,LN
SigmaSq,1e-06,2e-06,asv_000294,LN
S,0.174333,0.827027,asv_000294,LN
ResVar,0.003743,0.000464,asv_000294,LN
GenVar,0.000155,0.000279,asv_000294,LN
hsq,0.039839,0.070937,asv_000294,LN
Pi,0.001457,0.001493,asv_000311,LN
NnzSnp,1090.626709,1118.130615,asv_000311,LN
SigmaSq,0,1e-06,asv_000311,LN
S,0.00826,0.891774,asv_000311,LN
ResVar,0.002744,0.000445,asv_000311,LN
GenVar,0.000164,0.000355,asv_000311,LN
hsq,0.056441,0.120921,asv_000311,LN
Pi,0.003346,0.002161,asv_000322,LN
NnzSnp,2505.448242,1617.861816,asv_000322,LN
SigmaSq,1.2e-05,2e-05,asv_000322,LN
S,-0.530538,0.563606,asv_000322,LN
ResVar,0.003667,0.001778,asv_000322,LN
GenVar,0.005973,0.001863,asv_000322,LN
hsq,0.618292,0.184368,asv_000322,LN
Pi,0.003605,0.002254,asv_000330,LN
NnzSnp,2699.65332,1687.607666,asv_000330,LN
SigmaSq,2.8e-05,4.2e-05,asv_000330,LN
S,-0.101328,0.57576,asv_000330,LN
ResVar,0.010153,0.003496,asv_000330,LN
GenVar,0.007822,0.00358,asv_000330,LN
hsq,0.433444,0.191323,asv_000330,LN
Pi,0.00335,0.002004,asv_000341,LN
NnzSnp,2509.207031,1500.817383,asv_000341,LN
SigmaSq,3e-05,5e-05,asv_000341,LN
S,-0.182406,0.534671,asv_000341,LN
ResVar,0.00303,0.001518,asv_000341,LN
GenVar,0.007526,0.001652,asv_000341,LN
hsq,0.711813,0.145041,asv_000341,LN
Pi,0.002033,0.001713,asv_000369,LN
NnzSnp,1521.637451,1282.529419,asv_000369,LN
SigmaSq,1e-06,2e-06,asv_000369,LN
S,-0.246695,0.820517,asv_000369,LN
ResVar,0.003662,0.000886,asv_000369,LN
GenVar,0.000614,0.000814,asv_000369,LN
hsq,0.143371,0.188188,asv_000369,LN
Pi,0.002174,0.00201,asv_000396,LN
NnzSnp,1627.692383,1506.147949,asv_000396,LN
SigmaSq,1e-06,2e-06,asv_000396,LN
S,-0.890959,0.787926,asv_000396,LN
ResVar,0.001708,0.000867,asv_000396,LN
GenVar,0.001118,0.00086,asv_000396,LN
hsq,0.394873,0.300542,asv_000396,LN
Pi,0.002737,0.00195,asv_000406,LN
NnzSnp,2049.33252,1460.452881,asv_000406,LN
SigmaSq,7e-06,1e-05,asv_000406,LN
S,-0.932488,0.626868,asv_000406,LN
ResVar,0.007105,0.004444,asv_000406,LN
GenVar,0.009676,0.004493,asv_000406,LN
hsq,0.575617,0.262271,asv_000406,LN
Pi,0.003695,0.002315,asv_000431,LN
NnzSnp,2767.446777,1733.496582,asv_000431,LN
SigmaSq,4e-05,5.3e-05,asv_000431,LN
S,0.06641,0.549525,asv_000431,LN
ResVar,0.01231,0.003781,asv_000431,LN
GenVar,0.009174,0.003888,asv_000431,LN
hsq,0.425352,0.172717,asv_000431,LN
Pi,0.001296,0.00139,asv_000470,LN
NnzSnp,970.013794,1040.985596,asv_000470,LN
SigmaSq,8e-06,1.2e-05,asv_000470,LN
S,0.087161,0.82864,asv_000470,LN
ResVar,0.018923,0.002874,asv_000470,LN
GenVar,0.001385,0.002179,asv_000470,LN
hsq,0.068137,0.106163,asv_000470,LN
Pi,0.001759,0.001765,asv_000473,LN
NnzSnp,1316.722412,1321.507446,asv_000473,LN
SigmaSq,3e-06,5e-06,asv_000473,LN
S,-1.308742,0.609221,asv_000473,LN
ResVar,0.002831,0.002072,asv_000473,LN
GenVar,0.005508,0.002115,asv_000473,LN
hsq,0.65947,0.247822,asv_000473,LN
Pi,0.002753,0.002165,asv_000487,LN
NnzSnp,2061.320801,1621.297607,asv_000487,LN
SigmaSq,4e-06,7e-06,asv_000487,LN
S,-0.096455,0.725689,asv_000487,LN
ResVar,0.004773,0.001174,asv_000487,LN
GenVar,0.0012,0.001094,asv_000487,LN
hsq,0.200579,0.179681,asv_000487,LN
Pi,0.001343,0.001231,asv_000492,LN
NnzSnp,1004.996887,921.986328,asv_000492,LN
SigmaSq,4e-06,6e-06,asv_000492,LN
S,0.103335,0.87371,asv_000492,LN
ResVar,0.01423,0.002159,asv_000492,LN
GenVar,0.000937,0.001628,asv_000492,LN
hsq,0.0618,0.106664,asv_000492,LN
Pi,0.002299,0.001819,asv_000498,LN
NnzSnp,1721.425171,1361.64624,asv_000498,LN
SigmaSq,1.4e-05,2.4e-05,asv_000498,LN
S,0.028409,0.7322,asv_000498,LN
ResVar,0.013915,0.00302,asv_000498,LN
GenVar,0.002948,0.002721,asv_000498,LN
hsq,0.174712,0.159062,asv_000498,LN
Pi,0.001793,0.001792,asv_000511,LN
NnzSnp,1342.391968,1342.392212,asv_000511,LN
SigmaSq,0,1e-06,asv_000511,LN
S,-0.085245,0.939126,asv_000511,LN
ResVar,0.001051,0.000253,asv_000511,LN
GenVar,0.000148,0.00023,asv_000511,LN
hsq,0.123659,0.190791,asv_000511,LN
Pi,0.00345,0.002227,asv_000529,LN
NnzSnp,2583.299072,1668.016357,asv_000529,LN
SigmaSq,0.000342,0.000752,asv_000529,LN
S,-0.531097,0.684328,asv_000529,LN
ResVar,0.143681,0.078686,asv_000529,LN
GenVar,0.178141,0.079949,asv_000529,LN
hsq,0.552412,0.241889,asv_000529,LN
Pi,0.003335,0.0019,asv_000544,LN
NnzSnp,2497.126465,1422.728394,asv_000544,LN
SigmaSq,3.8e-05,5.2e-05,asv_000544,LN
S,-0.023964,0.619675,asv_000544,LN
ResVar,0.012705,0.004223,asv_000544,LN
GenVar,0.009243,0.004292,asv_000544,LN
hsq,0.419628,0.188078,asv_000544,LN
Pi,0.002334,0.001831,asv_000549,LN
NnzSnp,1747.408447,1370.907227,asv_000549,LN
SigmaSq,1e-05,1.6e-05,asv_000549,LN
S,-0.982497,0.531814,asv_000549,LN
ResVar,0.004227,0.002598,asv_000549,LN
GenVar,0.009674,0.002715,asv_000549,LN
hsq,0.694876,0.187188,asv_000549,LN
Pi,0.002918,0.002,asv_000551,LN
NnzSnp,2185.217773,1498.231567,asv_000551,LN
SigmaSq,3.3e-05,5.1e-05,asv_000551,LN
S,-0.113833,0.693752,asv_000551,LN
ResVar,0.017044,0.005856,asv_000551,LN
GenVar,0.008927,0.005805,asv_000551,LN
hsq,0.342537,0.218216,asv_000551,LN
Pi,0.003996,0.002239,asv_000552,LN
NnzSnp,2991.997803,1676.848755,asv_000552,LN
SigmaSq,7.5e-05,0.000107,asv_000552,LN
S,-0.033265,0.57831,asv_000552,LN
ResVar,0.010901,0.004868,asv_000552,LN
GenVar,0.02051,0.005272,asv_000552,LN
hsq,0.651429,0.156184,asv_000552,LN
Pi,0.003565,0.002338,asv_000570,LN
NnzSnp,2670.010742,1750.568359,asv_000570,LN
SigmaSq,2e-06,3e-06,asv_000570,LN
S,0.002927,0.608635,asv_000570,LN
ResVar,0.000871,0.000263,asv_000570,LN
GenVar,0.000408,0.00026,asv_000570,LN
hsq,0.317883,0.197658,asv_000570,LN
Pi,0.002147,0.001779,asv_000575,LN
NnzSnp,1607.764771,1332.525879,asv_000575,LN
SigmaSq,2e-06,4e-06,asv_000575,LN
S,-0.201016,0.682965,asv_000575,LN
ResVar,0.002089,0.000528,asv_000575,LN
GenVar,0.000631,0.000502,asv_000575,LN
hsq,0.231297,0.180297,asv_000575,LN
Pi,0.003571,0.002269,asv_000596,LN
NnzSnp,2673.860352,1698.799316,asv_000596,LN
SigmaSq,4.3e-05,7.3e-05,asv_000596,LN
S,-0.343079,0.627444,asv_000596,LN
ResVar,0.021416,0.008554,asv_000596,LN
GenVar,0.018181,0.00878,asv_000596,LN
hsq,0.457238,0.213957,asv_000596,LN
Pi,0.00173,0.001666,asv_000629,LN
NnzSnp,1294.912109,1248.136719,asv_000629,LN
SigmaSq,4e-06,6e-06,asv_000629,LN
S,0.034334,0.859348,asv_000629,LN
ResVar,0.019805,0.002964,asv_000629,LN
GenVar,0.001216,0.002226,asv_000629,LN
hsq,0.057817,0.104451,asv_000629,LN
Pi,0.001362,0.001431,asv_000669,LN
NnzSnp,1019.307129,1071.369751,asv_000669,LN
SigmaSq,0,0,asv_000669,LN
S,0.226648,0.874828,asv_000669,LN
ResVar,0.000166,2.1e-05,asv_000669,LN
GenVar,6e-06,1.3e-05,asv_000669,LN
hsq,0.03438,0.076868,asv_000669,LN
Pi,0.003118,0.002274,asv_000672,LN
NnzSnp,2335.09668,1703.217041,asv_000672,LN
SigmaSq,2.4e-05,4.5e-05,asv_000672,LN
S,0.095498,0.67155,asv_000672,LN
ResVar,0.012941,0.003812,asv_000672,LN
GenVar,0.004839,0.003703,asv_000672,LN
hsq,0.27121,0.203414,asv_000672,LN
Pi,0.001341,0.001332,asv_000711,LN
NnzSnp,1004.056091,998.148804,asv_000711,LN
SigmaSq,1e-06,2e-06,asv_000711,LN
S,-0.105476,1.049114,asv_000711,LN
ResVar,0.005005,0.001273,asv_000711,LN
GenVar,0.000674,0.001172,asv_000711,LN
hsq,0.118675,0.205227,asv_000711,LN
Pi,0.00327,0.002057,asv_000719,LN
NnzSnp,2448.330078,1540.079834,asv_000719,LN
SigmaSq,2.4e-05,3.5e-05,asv_000719,LN
S,-0.715583,0.414106,asv_000719,LN
ResVar,0.004729,0.002408,asv_000719,LN
GenVar,0.017426,0.002704,asv_000719,LN
hsq,0.785873,0.10946,asv_000719,LN
Pi,0.001456,0.001442,asv_000860,LN
NnzSnp,1090.240356,1079.612061,asv_000860,LN
SigmaSq,1e-06,1e-06,asv_000860,LN
S,0.20045,0.834969,asv_000860,LN
ResVar,0.00258,0.000309,asv_000860,LN
GenVar,0.000102,0.000172,asv_000860,LN
hsq,0.03809,0.063845,asv_000860,LN
Pi,0.003534,0.002194,asv_000862,LN
NnzSnp,2647.129883,1642.658203,asv_000862,LN
SigmaSq,0.000122,0.000171,asv_000862,LN
S,-0.121761,0.578545,asv_000862,LN
ResVar,0.017455,0.007592,asv_000862,LN
GenVar,0.033052,0.00826,asv_000862,LN
hsq,0.652903,0.151635,asv_000862,LN
Pi,0.001606,0.001658,asv_000896,LN
NnzSnp,1202.176514,1241.913086,asv_000896,LN
SigmaSq,0,0,asv_000896,LN
S,0.089113,0.850216,asv_000896,LN
ResVar,9.9e-05,1.3e-05,asv_000896,LN
GenVar,5e-06,9e-06,asv_000896,LN
hsq,0.05059,0.085577,asv_000896,LN
Pi,0.001416,0.001515,asv_000906,LN
NnzSnp,1059.992676,1133.959595,asv_000906,LN
SigmaSq,7e-06,8e-06,asv_000906,LN
S,0.039915,0.861882,asv_000906,LN
ResVar,0.02122,0.003252,asv_000906,LN
GenVar,0.001556,0.002493,asv_000906,LN
hsq,0.068252,0.108289,asv_000906,LN
Pi,0.00228,0.001995,asv_000920,LN
NnzSnp,1706.853638,1494.235718,asv_000920,LN
SigmaSq,2e-05,3.6e-05,asv_000920,LN
S,-0.389343,0.917949,asv_000920,LN
ResVar,0.02013,0.008815,asv_000920,LN
GenVar,0.010212,0.008684,asv_000920,LN
hsq,0.335882,0.282275,asv_000920,LN
Pi,0.003295,0.002338,asv_000986,LN
NnzSnp,2467.104736,1750.614258,asv_000986,LN
SigmaSq,1.1e-05,1.9e-05,asv_000986,LN
S,-0.450057,0.629036,asv_000986,LN
ResVar,0.006437,0.002913,asv_000986,LN
GenVar,0.006076,0.002991,asv_000986,LN
hsq,0.483534,0.231532,asv_000986,LN
Pi,0.003699,0.002251,asv_001001,LN
NnzSnp,2770.141846,1685.734497,asv_001001,LN
SigmaSq,3.7e-05,5.2e-05,asv_001001,LN
S,0.000629,0.520316,asv_001001,LN
ResVar,0.016915,0.004952,asv_001001,LN
GenVar,0.00991,0.004955,asv_001001,LN
hsq,0.368102,0.177871,asv_001001,LN
Pi,0.003118,0.002021,asv_001011,LN
NnzSnp,2334.502441,1513.106201,asv_001011,LN
SigmaSq,1.3e-05,2e-05,asv_001011,LN
S,-0.359183,0.644067,asv_001011,LN
ResVar,0.010706,0.00324,asv_001011,LN
GenVar,0.005576,0.003211,asv_001011,LN
hsq,0.34124,0.191474,asv_001011,LN
Pi,0.001246,0.00125,asv_001057,LN
NnzSnp,932.143616,935.753723,asv_001057,LN
SigmaSq,5e-06,6e-06,asv_001057,LN
S,0.304179,0.858689,asv_001057,LN
ResVar,0.009716,0.001433,asv_001057,LN
GenVar,0.000644,0.001071,asv_001057,LN
hsq,0.062075,0.102138,asv_001057,LN
Pi,0.001756,0.00174,asv_001063,LN
NnzSnp,1314.395142,1302.868042,asv_001063,LN
SigmaSq,4e-06,6e-06,asv_001063,LN
S,-0.167128,0.869857,asv_001063,LN
ResVar,0.009551,0.002485,asv_001063,LN
GenVar,0.001641,0.002306,asv_001063,LN
hsq,0.14645,0.204136,asv_001063,LN
Pi,0.001305,0.001294,asv_001073,LN
NnzSnp,976.835571,969.485901,asv_001073,LN
SigmaSq,0,0,asv_001073,LN
S,-0.155227,1.058054,asv_001073,LN
ResVar,0.000131,3.6e-05,asv_001073,LN
GenVar,2.2e-05,3.4e-05,asv_001073,LN
hsq,0.145988,0.218276,asv_001073,LN
Pi,0.002046,0.001849,asv_001085,LN
NnzSnp,1531.975708,1384.757935,asv_001085,LN
SigmaSq,1e-05,1.8e-05,asv_001085,LN
S,-0.229821,0.761255,asv_001085,LN
ResVar,0.014799,0.003921,asv_001085,LN
GenVar,0.00353,0.003684,asv_001085,LN
hsq,0.192258,0.198003,asv_001085,LN
Pi,9.6e-05,9.6e-05,asv_001167,LN
NnzSnp,71.2024,71.639877,asv_001167,LN
SigmaSq,0,0,asv_001167,LN
S,-2.320408,0.346052,asv_001167,LN
ResVar,3.6e-05,2.2e-05,asv_001167,LN
GenVar,0.000195,2.4e-05,asv_001167,LN
hsq,0.842785,0.093151,asv_001167,LN
Pi,0.001645,0.001511,asv_001169,LN
NnzSnp,1231.30835,1131.477051,asv_001169,LN
SigmaSq,1e-06,1e-06,asv_001169,LN
S,-0.097186,0.911302,asv_001169,LN
ResVar,0.002868,0.000623,asv_001169,LN
GenVar,0.000372,0.000555,asv_001169,LN
hsq,0.114778,0.169503,asv_001169,LN
Pi,0.001743,0.001621,asv_001183,LN
NnzSnp,1304.726807,1214.141724,asv_001183,LN
SigmaSq,1e-06,2e-06,asv_001183,LN
S,0.056308,0.901637,asv_001183,LN
ResVar,0.002693,0.000559,asv_001183,LN
GenVar,0.000314,0.00049,asv_001183,LN
hsq,0.104568,0.161858,asv_001183,LN
Pi,0.002694,0.00221,asv_001204,LN
NnzSnp,2017.435791,1655.650146,asv_001204,LN
SigmaSq,3e-06,6e-06,asv_001204,LN
S,-0.030977,0.727293,asv_001204,LN
ResVar,0.003801,0.000842,asv_001204,LN
GenVar,0.000779,0.000762,asv_001204,LN
hsq,0.169868,0.163448,asv_001204,LN
Pi,0.00177,0.001745,asv_001207,LN
NnzSnp,1324.746216,1306.434937,asv_001207,LN
SigmaSq,1e-06,2e-06,asv_001207,LN
S,-0.097275,0.936231,asv_001207,LN
ResVar,0.006025,0.001509,asv_001207,LN
GenVar,0.000836,0.001398,asv_001207,LN
hsq,0.121494,0.201703,asv_001207,LN
Pi,0.001651,0.001531,asv_001232,LN
NnzSnp,1236.292725,1146.267212,asv_001232,LN
SigmaSq,0,1e-06,asv_001232,LN
S,0.098358,0.838085,asv_001232,LN
ResVar,0.000687,0.00012,asv_001232,LN
GenVar,6e-05,9.9e-05,asv_001232,LN
hsq,0.080091,0.131607,asv_001232,LN
Pi,0.002721,0.002002,asv_001234,LN
NnzSnp,2037.322388,1498.458496,asv_001234,LN
SigmaSq,1e-05,1.9e-05,asv_001234,LN
S,-0.347048,0.694762,asv_001234,LN
ResVar,0.009026,0.003379,asv_001234,LN
GenVar,0.00437,0.003325,asv_001234,LN
hsq,0.32536,0.243707,asv_001234,LN
Pi,0.001596,0.001535,asv_001244,LN
NnzSnp,1194.325439,1149.220337,asv_001244,LN
SigmaSq,0,0,asv_001244,LN
S,-0.142615,0.894405,asv_001244,LN
ResVar,0.000597,0.000113,asv_001244,LN
GenVar,5.3e-05,9.5e-05,asv_001244,LN
hsq,0.081622,0.146188,asv_001244,LN
Pi,0.003672,0.002363,asv_001255,LN
NnzSnp,2750.105225,1769.746216,asv_001255,LN
SigmaSq,2.5e-05,3.1e-05,asv_001255,LN
S,0.042268,0.603283,asv_001255,LN
ResVar,0.008062,0.002658,asv_001255,LN
GenVar,0.006075,0.002712,asv_001255,LN
hsq,0.428202,0.184217,asv_001255,LN
Pi,0.001742,0.001723,asv_001292,LN
NnzSnp,1304.142456,1290.755005,asv_001292,LN
SigmaSq,1.9e-05,3.1e-05,asv_001292,LN
S,-0.047375,0.851197,asv_001292,LN
ResVar,0.060339,0.013509,asv_001292,LN
GenVar,0.007605,0.012114,asv_001292,LN
hsq,0.111917,0.176922,asv_001292,LN
Pi,0.002738,0.002074,asv_001294,LN
NnzSnp,2049.914062,1552.901489,asv_001294,LN
SigmaSq,1e-05,1.7e-05,asv_001294,LN
S,-0.615787,0.635986,asv_001294,LN
ResVar,0.010241,0.004035,asv_001294,LN
GenVar,0.006575,0.004012,asv_001294,LN
hsq,0.390074,0.233288,asv_001294,LN
Pi,0.003509,0.002127,asv_001303,LN
NnzSnp,2627.892578,1593.204102,asv_001303,LN
SigmaSq,2e-06,3e-06,asv_001303,LN
S,0.008503,0.543297,asv_001303,LN
ResVar,0.000466,0.000182,asv_001303,LN
GenVar,0.000581,0.000193,asv_001303,LN
hsq,0.552764,0.174108,asv_001303,LN
Pi,0.001467,0.00154,asv_001312,LN
NnzSnp,1098.36853,1153.07605,asv_001312,LN
SigmaSq,2e-06,2e-06,asv_001312,LN
S,0.243917,0.784288,asv_001312,LN
ResVar,0.006342,0.00076,asv_001312,LN
GenVar,0.000268,0.000418,asv_001312,LN
hsq,0.040501,0.062567,asv_001312,LN
Pi,0.003271,0.002234,asv_001319,LN
NnzSnp,2449.360352,1673.451416,asv_001319,LN
SigmaSq,6e-06,1.2e-05,asv_001319,LN
S,-0.432932,0.710592,asv_001319,LN
ResVar,0.002104,0.001158,asv_001319,LN
GenVar,0.00254,0.001174,asv_001319,LN
hsq,0.545758,0.246354,asv_001319,LN
Pi,0.001978,0.001765,asv_001323,LN
NnzSnp,1480.504028,1321.630005,asv_001323,LN
SigmaSq,2.7e-05,6.4e-05,asv_001323,LN
S,-0.680171,0.811955,asv_001323,LN
ResVar,0.01838,0.008358,asv_001323,LN
GenVar,0.012449,0.008309,asv_001323,LN
hsq,0.402931,0.265019,asv_001323,LN
Pi,0.00139,0.001442,asv_001347,LN
NnzSnp,1040.592407,1080.502319,asv_001347,LN
SigmaSq,0,0,asv_001347,LN
S,0.209323,0.906787,asv_001347,LN
ResVar,6.1e-05,7e-06,asv_001347,LN
GenVar,2e-06,4e-06,asv_001347,LN
hsq,0.02678,0.058772,asv_001347,LN
Pi,0.001198,0.00124,asv_001370,LN
NnzSnp,896.667908,928.595215,asv_001370,LN
SigmaSq,0,0,asv_001370,LN
S,0.109668,0.827085,asv_001370,LN
ResVar,0.000298,3.5e-05,asv_001370,LN
GenVar,1e-05,1.8e-05,asv_001370,LN
hsq,0.031743,0.05842,asv_001370,LN
Pi,0.002179,0.001865,asv_001416,LN
NnzSnp,1631.815308,1397.101807,asv_001416,LN
SigmaSq,4e-06,8e-06,asv_001416,LN
S,-0.715563,0.733798,asv_001416,LN
ResVar,0.003105,0.001663,asv_001416,LN
GenVar,0.002722,0.001666,asv_001416,LN
hsq,0.465986,0.281068,asv_001416,LN
Pi,0.001699,0.001815,asv_001444,LN
NnzSnp,1271.849609,1359.361938,asv_001444,LN
SigmaSq,1e-06,1e-06,asv_001444,LN
S,0.160269,0.757697,asv_001444,LN
ResVar,0.00282,0.000334,asv_001444,LN
GenVar,0.000106,0.000178,asv_001444,LN
hsq,0.036349,0.060561,asv_001444,LN
Pi,0.001531,0.001618,asv_001446,LN
NnzSnp,1146.40271,1211.748169,asv_001446,LN
SigmaSq,0,0,asv_001446,LN
S,-0.027605,0.859298,asv_001446,LN
ResVar,0.000358,5.4e-05,asv_001446,LN
GenVar,2.2e-05,4.1e-05,asv_001446,LN
hsq,0.058992,0.105902,asv_001446,LN
Pi,0.001517,0.001467,asv_001461,LN
NnzSnp,1135.198242,1098.401123,asv_001461,LN
SigmaSq,1e-06,1e-06,asv_001461,LN
S,-0.061719,0.917108,asv_001461,LN
ResVar,0.001498,0.000362,asv_001461,LN
GenVar,0.00022,0.000329,asv_001461,LN
hsq,0.127939,0.190756,asv_001461,LN
Pi,0.001644,0.001634,asv_001499,LN
NnzSnp,1231.001587,1223.149414,asv_001499,LN
SigmaSq,0,0,asv_001499,LN
S,0.076721,0.834918,asv_001499,LN
ResVar,0.000274,5e-05,asv_001499,LN
GenVar,2.7e-05,4.2e-05,asv_001499,LN
hsq,0.089283,0.139612,asv_001499,LN
Pi,0.000115,0.000515,asv_001529,LN
NnzSnp,85.276497,385.196777,asv_001529,LN
SigmaSq,6e-06,1.4e-05,asv_001529,LN
S,-2.340133,0.388584,asv_001529,LN
ResVar,0.001032,0.001111,asv_001529,LN
GenVar,0.009821,0.001176,asv_001529,LN
hsq,0.904881,0.101564,asv_001529,LN
Pi,0.001764,0.001516,asv_001532,LN
NnzSnp,1320.71521,1135.455566,asv_001532,LN
SigmaSq,1e-06,1e-06,asv_001532,LN
S,-0.583432,0.842596,asv_001532,LN
ResVar,0.002553,0.000999,asv_001532,LN
GenVar,0.000932,0.00097,asv_001532,LN
hsq,0.267237,0.27605,asv_001532,LN
Pi,0.001357,0.001391,asv_001572,LN
NnzSnp,1015.662781,1041.722656,asv_001572,LN
SigmaSq,0,0,asv_001572,LN
S,0.104038,0.842355,asv_001572,LN
ResVar,0.000892,0.00013,asv_001572,LN
GenVar,4.8e-05,9.4e-05,asv_001572,LN
hsq,0.051072,0.099829,asv_001572,LN
Pi,0.001415,0.001416,asv_001582,LN
NnzSnp,1059.636841,1061.044067,asv_001582,LN
SigmaSq,2e-06,2e-06,asv_001582,LN
S,0.039711,0.808873,asv_001582,LN
ResVar,0.007345,0.000963,asv_001582,LN
GenVar,0.00035,0.000619,asv_001582,LN
hsq,0.045546,0.079857,asv_001582,LN
Pi,0.002917,0.002256,asv_001657,LN
NnzSnp,2184.459473,1689.781006,asv_001657,LN
SigmaSq,8e-06,1.5e-05,asv_001657,LN
S,-0.716603,0.682175,asv_001657,LN
ResVar,0.004023,0.00266,asv_001657,LN
GenVar,0.00617,0.002702,asv_001657,LN
hsq,0.604204,0.258984,asv_001657,LN
Pi,0.002244,0.00192,asv_001660,LN
NnzSnp,1680.601562,1438.133667,asv_001660,LN
SigmaSq,1e-06,1e-06,asv_001660,LN
S,-0.114883,0.767109,asv_001660,LN
ResVar,0.00182,0.000415,asv_001660,LN
GenVar,3e-04,0.000374,asv_001660,LN
hsq,0.141518,0.174522,asv_001660,LN
Pi,0.002143,0.001726,asv_001667,LN
NnzSnp,1604.424316,1292.970215,asv_001667,LN
SigmaSq,4e-06,8e-06,asv_001667,LN
S,0.042802,0.717431,asv_001667,LN
ResVar,0.00678,0.001136,asv_001667,LN
GenVar,0.000783,0.000916,asv_001667,LN
hsq,0.103555,0.119347,asv_001667,LN
Pi,0.002722,0.002138,asv_001749,LN
NnzSnp,2037.743652,1601.011353,asv_001749,LN
SigmaSq,7e-06,1.3e-05,asv_001749,LN
S,-0.253574,0.847288,asv_001749,LN
ResVar,0.008759,0.003563,asv_001749,LN
GenVar,0.003881,0.003491,asv_001749,LN
hsq,0.306507,0.272652,asv_001749,LN
Pi,0.003003,0.001914,asv_001772,LN
NnzSnp,2248.908447,1432.676025,asv_001772,LN
SigmaSq,2.1e-05,4e-05,asv_001772,LN
S,-0.468558,0.487661,asv_001772,LN
ResVar,0.014786,0.005094,asv_001772,LN
GenVar,0.009588,0.005132,asv_001772,LN
hsq,0.391888,0.203972,asv_001772,LN
Pi,0.001766,0.001711,asv_001806,LN
NnzSnp,1321.947754,1281.580078,asv_001806,LN
SigmaSq,0,0,asv_001806,LN
S,-0.179601,0.800772,asv_001806,LN
ResVar,5.9e-05,1.2e-05,asv_001806,LN
GenVar,8e-06,1.1e-05,asv_001806,LN
hsq,0.117091,0.161793,asv_001806,LN
Pi,0.001389,0.001349,asv_001834,LN
NnzSnp,1039.781494,1010.503845,asv_001834,LN
SigmaSq,0,0,asv_001834,LN
S,0.205653,0.941731,asv_001834,LN
ResVar,0.000538,8.2e-05,asv_001834,LN
GenVar,3.2e-05,6.3e-05,asv_001834,LN
hsq,0.056649,0.109484,asv_001834,LN
Pi,0.00085,0.001317,asv_001875,LN
NnzSnp,635.691772,986.639282,asv_001875,LN
SigmaSq,0,1e-06,asv_001875,LN
S,-1.32041,1.042297,asv_001875,LN
ResVar,0.000174,7.5e-05,asv_001875,LN
GenVar,0.000126,7.6e-05,asv_001875,LN
hsq,0.418172,0.246555,asv_001875,LN
Pi,0.000188,0.000698,asv_001888,LN
NnzSnp,140.113754,522.46698,asv_001888,LN
SigmaSq,2e-06,2e-06,asv_001888,LN
S,-2.366946,0.658302,asv_001888,LN
ResVar,0.000925,0.001983,asv_001888,LN
GenVar,0.008767,0.002001,asv_001888,LN
hsq,0.904302,0.204365,asv_001888,LN
Pi,0.001476,0.001441,asv_001948,LN
NnzSnp,1104.697021,1078.561523,asv_001948,LN
SigmaSq,0,1e-06,asv_001948,LN
S,-0.062415,0.942386,asv_001948,LN
ResVar,0.001432,0.000288,asv_001948,LN
GenVar,0.000142,0.000249,asv_001948,LN
hsq,0.090392,0.157468,asv_001948,LN
Pi,0.000311,0.001044,asv_001978,LN
NnzSnp,231.890152,781.322815,asv_001978,LN
SigmaSq,2e-06,8e-06,asv_001978,LN
S,-2.178849,0.895913,asv_001978,LN
ResVar,0.000526,0.001251,asv_001978,LN
GenVar,0.004029,0.00126,asv_001978,LN
hsq,0.883842,0.275313,asv_001978,LN
Pi,0.002068,0.001781,asv_001993,LN
NnzSnp,1548.415039,1333.550293,asv_001993,LN
SigmaSq,2e-06,5e-06,asv_001993,LN
S,0.090549,0.770318,asv_001993,LN
ResVar,0.004704,0.000837,asv_001993,LN
GenVar,0.000557,0.000699,asv_001993,LN
hsq,0.105804,0.131442,asv_001993,LN
Pi,0.00281,0.00204,asv_002018,LN
NnzSnp,2104.675781,1528.445068,asv_002018,LN
SigmaSq,1.4e-05,3.5e-05,asv_002018,LN
S,-0.50867,0.701093,asv_002018,LN
ResVar,0.018582,0.008421,asv_002018,LN
GenVar,0.009711,0.008295,asv_002018,LN
hsq,0.342628,0.289328,asv_002018,LN
Pi,0.001177,0.001326,asv_002138,LN
NnzSnp,880.984924,992.908691,asv_002138,LN
SigmaSq,0,0,asv_002138,LN
S,-0.045268,1.03681,asv_002138,LN
ResVar,0.000416,7.9e-05,asv_002138,LN
GenVar,2.7e-05,6.7e-05,asv_002138,LN
hsq,0.059875,0.150316,asv_002138,LN
Pi,0.001153,0.001373,asv_002172,LN
NnzSnp,863.123291,1028.517944,asv_002172,LN
SigmaSq,7e-06,1.4e-05,asv_002172,LN
S,-0.419259,1.271082,asv_002172,LN
ResVar,0.010129,0.005249,asv_002172,LN
GenVar,0.003702,0.005159,asv_002172,LN
hsq,0.266966,0.371086,asv_002172,LN
Pi,0.001315,0.001311,asv_002205,LN
NnzSnp,984.588684,981.456726,asv_002205,LN
SigmaSq,0,0,asv_002205,LN
S,0.039653,0.81216,asv_002205,LN
ResVar,0.000117,2e-05,asv_002205,LN
GenVar,1.1e-05,1.7e-05,asv_002205,LN
hsq,0.086554,0.128273,asv_002205,LN
Pi,0.001186,0.00157,asv_002353,LN
NnzSnp,887.559204,1175.124023,asv_002353,LN
SigmaSq,5e-06,8e-06,asv_002353,LN
S,-0.685198,1.410045,asv_002353,LN
ResVar,0.013424,0.005218,asv_002353,LN
GenVar,0.004611,0.005095,asv_002353,LN
hsq,0.25502,0.279371,asv_002353,LN
Pi,0.00135,0.001321,asv_002354,LN
NnzSnp,1010.262878,989.344299,asv_002354,LN
SigmaSq,0,0,asv_002354,LN
S,0.136388,0.967496,asv_002354,LN
ResVar,2e-06,0,asv_002354,LN
GenVar,0,0,asv_002354,LN
hsq,0.06099,0.128993,asv_002354,LN
Pi,0.002752,0.002069,asv_002358,LN
NnzSnp,2060.89209,1548.966309,asv_002358,LN
SigmaSq,7e-06,1.2e-05,asv_002358,LN
S,-0.790258,0.567057,asv_002358,LN
ResVar,0.004492,0.002329,asv_002358,LN
GenVar,0.005544,0.002396,asv_002358,LN
hsq,0.550687,0.231208,asv_002358,LN
Pi,0.000117,0.000496,asv_002692,LN
NnzSnp,86.726303,371.192169,asv_002692,LN
SigmaSq,6e-06,5e-06,asv_002692,LN
S,-2.30767,0.510331,asv_002692,LN
ResVar,0.001695,0.003308,asv_002692,LN
GenVar,0.022216,0.003408,asv_002692,LN
hsq,0.928818,0.139288,asv_002692,LN
Pi,0.001333,0.001273,asv_002742,LN
NnzSnp,997.438477,953.321777,asv_002742,LN
SigmaSq,5e-06,7e-06,asv_002742,LN
S,0.129344,0.874566,asv_002742,LN
ResVar,0.021309,0.003008,asv_002742,LN
GenVar,0.001103,0.002151,asv_002742,LN
hsq,0.049128,0.094765,asv_002742,LN
Pi,0.001704,0.001651,asv_002743,LN
NnzSnp,1275.691284,1236.888306,asv_002743,LN
SigmaSq,0,1e-06,asv_002743,LN
S,-0.016069,0.843059,asv_002743,LN
ResVar,0.001726,0.000301,asv_002743,LN
GenVar,0.000148,0.000247,asv_002743,LN
hsq,0.079218,0.130526,asv_002743,LN
Pi,0.00249,0.001853,asv_002780,LN
NnzSnp,1865.05957,1387.645996,asv_002780,LN
SigmaSq,2e-06,3e-06,asv_002780,LN
S,-0.452086,0.709169,asv_002780,LN
ResVar,0.001527,0.000652,asv_002780,LN
GenVar,0.000827,0.000645,asv_002780,LN
hsq,0.350549,0.269365,asv_002780,LN
Pi,0.001551,0.001492,asv_002796,LN
NnzSnp,1161.171509,1117.640991,asv_002796,LN
SigmaSq,2e-06,3e-06,asv_002796,LN
S,-0.016534,0.861387,asv_002796,LN
ResVar,0.007615,0.001151,asv_002796,LN
GenVar,0.000465,0.000866,asv_002796,LN
hsq,0.057534,0.106186,asv_002796,LN
Pi,0.000118,0.000414,asv_002841,LN
NnzSnp,87.150826,309.939911,asv_002841,LN
SigmaSq,9e-06,2.1e-05,asv_002841,LN
S,-2.309282,0.522603,asv_002841,LN
ResVar,0.008904,0.004515,asv_002841,LN
GenVar,0.013055,0.004667,asv_002841,LN
hsq,0.593204,0.205099,asv_002841,LN
Pi,0.001601,0.001407,asv_002995,LN
NnzSnp,1198.418945,1053.506348,asv_002995,LN
SigmaSq,0,1e-06,asv_002995,LN
S,-0.643786,0.925072,asv_002995,LN
ResVar,0.001036,0.000481,asv_002995,LN
GenVar,0.000516,0.000475,asv_002995,LN
hsq,0.331949,0.30262,asv_002995,LN
Pi,6.2e-05,0.00019,asv_003033,LN
NnzSnp,45.459427,141.68515,asv_003033,LN
SigmaSq,0,0,asv_003033,LN
S,-2.331809,0.418263,asv_003033,LN
ResVar,6e-06,1.1e-05,asv_003033,LN
GenVar,0.000131,1.1e-05,asv_003033,LN
hsq,0.953027,0.077269,asv_003033,LN
Pi,0.001354,0.001479,asv_003343,LN
NnzSnp,1013.877014,1107.915894,asv_003343,LN
SigmaSq,0,0,asv_003343,LN
S,0.225599,0.922027,asv_003343,LN
ResVar,0.000835,0.000111,asv_003343,LN
GenVar,3.1e-05,7.4e-05,asv_003343,LN
hsq,0.036083,0.084441,asv_003343,LN
Pi,0.001601,0.001604,asv_004558,LN
NnzSnp,1198.483398,1201.015625,asv_004558,LN
SigmaSq,0,0,asv_004558,LN
S,-0.075036,0.923235,asv_004558,LN
ResVar,0.000278,5.3e-05,asv_004558,LN
GenVar,2.8e-05,4.5e-05,asv_004558,LN
hsq,0.091258,0.147169,asv_004558,LN
Pi,0.001123,0.001142,asv_004714,LN
NnzSnp,840.518311,855.325806,asv_004714,LN
SigmaSq,0,0,asv_004714,LN
S,0.225955,0.867125,asv_004714,LN
ResVar,0.000991,0.000124,asv_004714,LN
GenVar,4e-05,7.7e-05,asv_004714,LN
hsq,0.038808,0.073391,asv_004714,LN
